time_idx,tanggal,aktual,prediksi,zona
30,2016-02-18,605,596.22,latih
31,2016-02-19,585,598.02,latih
32,2016-02-22,595,586.54,latih
33,2016-02-23,595,589.57,latih
34,2016-02-24,595,589.34,latih
35,2016-02-25,570,585.57,latih
36,2016-02-26,600,556.65,latih
37,2016-02-29,605,579.54,latih
38,2016-03-01,670,592.32,latih
39,2016-03-02,660,618.67,latih
40,2016-03-03,650,632.44,latih
41,2016-03-04,680,637.29,latih
42,2016-03-07,745,646.49,latih
43,2016-03-08,790,664.33,latih
44,2016-03-10,770,684.14,latih
45,2016-03-11,770,697.9,latih
46,2016-03-14,770,709.35,latih
47,2016-03-15,700,719.91,latih
48,2016-03-16,730,707.28,latih
49,2016-03-17,745,716.15,latih
50,2016-03-18,680,725.06,latih
51,2016-03-21,705,684.33,latih
52,2016-03-22,695,691.31,latih
53,2016-03-23,690,681.04,latih
54,2016-03-24,660,671.91,latih
55,2016-03-28,670,642.14,latih
56,2016-03-29,650,635.41,latih
57,2016-03-30,665,620.81,latih
58,2016-03-31,645,622.62,latih
59,2016-04-01,665,614.53,latih
60,2016-04-04,680,620.17,latih
61,2016-04-05,670,634.7,latih
62,2016-04-06,695,634.25,latih
63,2016-04-07,690,655.3,latih
64,2016-04-08,705,659.42,latih
65,2016-04-11,705,677.31,latih
66,2016-04-12,695,684.1,latih
67,2016-04-13,695,677.49,latih
68,2016-04-14,695,676.25,latih
69,2016-04-15,695,675.95,latih
70,2016-04-18,695,676.03,latih
71,2016-04-19,695,675.37,latih
72,2016-04-20,720,675.48,latih
73,2016-04-21,750,699.71,latih
74,2016-04-22,745,729.24,latih
75,2016-04-25,750,735.16,latih
76,2016-04-26,720,736.09,latih
77,2016-04-27,725,722.75,latih
78,2016-04-28,735,723.12,latih
79,2016-04-29,730,726.63,latih
80,2016-05-02,715,725.97,latih
81,2016-05-03,715,714.07,latih
82,2016-05-04,720,708.93,latih
83,2016-05-09,695,712.78,latih
84,2016-05-10,665,693.75,latih
85,2016-05-11,685,678.53,latih
86,2016-05-12,695,675.13,latih
87,2016-05-13,670,678.46,latih
88,2016-05-16,685,673.81,latih
89,2016-05-17,695,676.58,latih
90,2016-05-18,690,680.34,latih
91,2016-05-19,675,680.64,latih
92,2016-05-20,670,678.85,latih
93,2016-05-23,670,675.87,latih
94,2016-05-24,660,673.68,latih
95,2016-05-25,680,669.75,latih
96,2016-05-26,700,670.25,latih
97,2016-05-27,695,677.91,latih
98,2016-05-30,695,678.9,latih
99,2016-05-31,710,679.62,latih
100,2016-06-01,720,692.08,latih
101,2016-06-02,755,709.75,latih
102,2016-06-03,815,728.25,latih
103,2016-06-06,840,745.84,latih
104,2016-06-07,910,761.36,latih
105,2016-06-08,870,785.21,latih
106,2016-06-09,925,799.35,latih
107,2016-06-10,890,821.83,latih
108,2016-06-13,860,834.02,latih
109,2016-06-14,845,837.9,latih
110,2016-06-15,865,837.43,latih
111,2016-06-16,845,844.43,latih
112,2016-06-17,800,841.73,latih
113,2016-06-20,845,800.04,latih
114,2016-06-21,845,826.59,latih
115,2016-06-22,845,834.18,latih
116,2016-06-23,850,835.09,latih
117,2016-06-24,840,835.88,latih
118,2016-06-27,835,825.26,latih
119,2016-06-28,855,813.48,latih
120,2016-06-29,855,832.21,latih
121,2016-06-30,850,838.38,latih
122,2016-07-01,885,834.97,latih
123,2016-07-11,925,863.46,latih
124,2016-07-12,970,890.79,latih
125,2016-07-13,1025,912.24,latih
126,2016-07-14,1040,932.55,latih
127,2016-07-15,995,952.81,latih
128,2016-07-18,1030,959.8,latih
129,2016-07-19,1025,971.71,latih
130,2016-07-20,1035,981.59,latih
131,2016-07-21,1055,991.28,latih
132,2016-07-22,1050,1004.73,latih
133,2016-07-25,1070,1014.22,latih
134,2016-07-26,1060,1026.65,latih
135,2016-07-27,1045,1034.15,latih
136,2016-07-28,1060,1036.72,latih
137,2016-07-29,1040,1044.11,latih
138,2016-08-01,1040,1040.74,latih
139,2016-08-02,1105,1037.23,latih
140,2016-08-03,1140,1039.48,latih
141,2016-08-04,1110,1057.72,latih
142,2016-08-05,1145,1063.52,latih
143,2016-08-08,1150,1079.14,latih
144,2016-08-09,1200,1094.01,latih
145,2016-08-10,1155,1117.45,latih
146,2016-08-11,1085,1121.0,latih
147,2016-08-12,1135,1067.45,latih
148,2016-08-15,1120,1096.0,latih
149,2016-08-16,1145,1093.57,latih
150,2016-08-18,1170,1111.41,latih
151,2016-08-19,1105,1130.98,latih
152,2016-08-22,1115,1089.73,latih
153,2016-08-23,1080,1089.34,latih
154,2016-08-24,1060,1058.79,latih
155,2016-08-25,1100,1039.7,latih
156,2016-08-26,1080,1054.42,latih
157,2016-08-29,1065,1044.58,latih
158,2016-08-30,1135,1039.04,latih
159,2016-08-31,1150,1099.24,latih
160,2016-09-01,1185,1129.24,latih
161,2016-09-02,1170,1147.2,latih
162,2016-09-05,1220,1152.66,latih
163,2016-09-06,1225,1166.22,latih
164,2016-09-07,1245,1177.41,latih
165,2016-09-08,1270,1189.4,latih
166,2016-09-09,1270,1203.35,latih
167,2016-09-13,1165,1214.97,latih
168,2016-09-14,1120,1161.1,latih
169,2016-09-15,1165,1117.31,latih
170,2016-09-16,1165,1125.63,latih
171,2016-09-19,1185,1128.02,latih
172,2016-09-20,1180,1153.12,latih
173,2016-09-21,1170,1153.74,latih
174,2016-09-22,1185,1141.65,latih
175,2016-09-23,1210,1157.21,latih
176,2016-09-26,1200,1185.48,latih
177,2016-09-27,1210,1184.45,latih
178,2016-09-28,1200,1191.63,latih
179,2016-09-29,1280,1180.76,latih
180,2016-09-30,1205,1215.92,latih
181,2016-10-03,1300,1190.48,latih
182,2016-10-04,1305,1229.28,latih
183,2016-10-05,1290,1252.36,latih
184,2016-10-06,1360,1261.27,latih
185,2016-10-07,1375,1279.29,latih
186,2016-10-10,1385,1293.97,latih
187,2016-10-11,1400,1306.63,latih
188,2016-10-12,1405,1319.81,latih
189,2016-10-13,1405,1334.01,latih
190,2016-10-14,1425,1348.57,latih
191,2016-10-17,1460,1363.5,latih
192,2016-10-18,1440,1381.18,latih
193,2016-10-19,1530,1389.48,latih
194,2016-10-20,1510,1410.6,latih
195,2016-10-21,1500,1423.44,latih
196,2016-10-24,1525,1432.13,latih
197,2016-10-25,1525,1446.42,latih
198,2016-10-26,1555,1460.47,latih
199,2016-10-27,1550,1479.69,latih
200,2016-10-28,1580,1492.85,latih
201,2016-10-31,1585,1510.6,latih
202,2016-11-01,1640,1522.24,latih
203,2016-11-02,1720,1543.05,latih
204,2016-11-03,1640,1568.94,latih
205,2016-11-04,1670,1574.04,latih
206,2016-11-07,1685,1591.75,latih
207,2016-11-08,1630,1608.3,latih
208,2016-11-09,1570,1601.32,latih
209,2016-11-10,1650,1542.5,latih
210,2016-11-11,1660,1590.04,latih
211,2016-11-14,1605,1614.79,latih
212,2016-11-15,1465,1580.42,latih
213,2016-11-16,1535,1476.38,latih
214,2016-11-17,1515,1462.71,latih
215,2016-11-18,1500,1445.62,latih
216,2016-11-21,1530,1437.62,latih
217,2016-11-22,1620,1447.56,latih
218,2016-11-23,1630,1553.56,latih
219,2016-11-24,1645,1597.02,latih
220,2016-11-25,1640,1619.51,latih
221,2016-11-28,1680,1620.93,latih
222,2016-11-29,1630,1643.26,latih
223,2016-11-30,1530,1614.5,latih
224,2016-12-01,1610,1553.8,latih
225,2016-12-02,1665,1560.19,latih
226,2016-12-05,1730,1623.99,latih
227,2016-12-06,1730,1663.54,latih
228,2016-12-07,1710,1682.34,latih
229,2016-12-08,1650,1687.66,latih
230,2016-12-09,1680,1637.29,latih
231,2016-12-13,1700,1652.4,latih
232,2016-12-14,1690,1671.29,latih
233,2016-12-15,1670,1669.45,latih
234,2016-12-16,1660,1648.39,latih
235,2016-12-19,1695,1630.02,latih
236,2016-12-20,1700,1660.77,latih
237,2016-12-21,1670,1674.75,latih
238,2016-12-22,1680,1647.16,latih
239,2016-12-23,1655,1648.07,latih
240,2016-12-27,1675,1620.74,latih
241,2016-12-28,1690,1634.52,latih
242,2016-12-29,1690,1655.41,latih
243,2016-12-30,1695,1663.62,latih
244,2017-01-02,1695,1669.71,latih
245,2017-01-03,1740,1672.86,latih
246,2017-01-04,1700,1702.8,latih
247,2017-01-05,1665,1690.11,latih
248,2017-01-06,1695,1657.39,latih
249,2017-01-09,1720,1669.62,latih
250,2017-01-10,1685,1698.3,latih
251,2017-01-11,1745,1672.57,latih
252,2017-01-12,1715,1709.83,latih
253,2017-01-13,1700,1704.73,latih
254,2017-01-16,1700,1691.89,latih
255,2017-01-17,1700,1687.87,latih
256,2017-01-18,1720,1685.27,latih
257,2017-01-19,1730,1706.27,latih
258,2017-01-20,1730,1715.47,latih
259,2017-01-23,1725,1719.49,latih
260,2017-01-24,1725,1719.88,latih
261,2017-01-25,1740,1719.95,latih
262,2017-01-26,1730,1725.08,latih
263,2017-01-27,1725,1724.47,latih
264,2017-01-30,1715,1720.51,latih
265,2017-01-31,1695,1707.96,latih
266,2017-02-01,1750,1690.94,latih
267,2017-02-02,1740,1720.48,latih
268,2017-02-03,1720,1729.47,latih
269,2017-02-06,1740,1714.21,latih
270,2017-02-07,1730,1728.35,latih
271,2017-02-08,1720,1724.69,latih
272,2017-02-09,1725,1712.86,latih
273,2017-02-10,1710,1713.28,latih
274,2017-02-13,1680,1702.95,latih
275,2017-02-14,1645,1692.9,latih
276,2017-02-15,1645,1680.68,latih
277,2017-02-16,1700,1671.79,latih
278,2017-02-17,1660,1677.85,latih
279,2017-02-20,1695,1671.77,latih
280,2017-02-21,1720,1673.06,latih
281,2017-02-22,1705,1688.28,latih
282,2017-02-23,1715,1684.84,latih
283,2017-02-24,1700,1689.66,latih
284,2017-02-27,1700,1683.54,latih
285,2017-02-28,1695,1680.86,latih
286,2017-03-01,1675,1678.14,latih
287,2017-03-02,1685,1672.56,latih
288,2017-03-03,1685,1670.73,latih
289,2017-03-06,1685,1669.19,latih
290,2017-03-07,1695,1667.86,latih
291,2017-03-08,1695,1669.59,latih
292,2017-03-09,1685,1670.85,latih
293,2017-03-10,1600,1668.13,latih
294,2017-03-13,1625,1652.02,latih
295,2017-03-14,1645,1643.64,latih
296,2017-03-15,1650,1640.13,latih
297,2017-03-16,1680,1638.95,latih
298,2017-03-17,1705,1644.91,latih
299,2017-03-20,1705,1674.95,latih
300,2017-03-21,1730,1689.91,latih
301,2017-03-22,1730,1710.06,latih
302,2017-03-23,1740,1716.38,latih
303,2017-03-24,1770,1720.72,latih
304,2017-03-27,1800,1729.85,latih
305,2017-03-29,1820,1741.19,latih
306,2017-03-30,1820,1754.16,latih
307,2017-03-31,1750,1767.15,latih
308,2017-04-03,1805,1749.0,latih
309,2017-04-04,1930,1766.23,latih
310,2017-04-05,1930,1795.68,latih
311,2017-04-06,1895,1818.87,latih
312,2017-04-07,1890,1831.03,latih
313,2017-04-10,1890,1840.25,latih
314,2017-04-11,1870,1848.81,latih
315,2017-04-12,1890,1850.49,latih
316,2017-04-13,1860,1860.74,latih
317,2017-04-17,1850,1849.82,latih
318,2017-04-18,1835,1834.76,latih
319,2017-04-19,1835,1809.01,latih
320,2017-04-20,1840,1797.44,latih
321,2017-04-21,1840,1798.91,latih
322,2017-04-25,1845,1797.0,latih
323,2017-04-26,1820,1799.34,latih
324,2017-04-27,1840,1777.04,latih
325,2017-04-28,1775,1790.76,latih
326,2017-05-02,1720,1751.63,latih
327,2017-05-03,1630,1730.92,latih
328,2017-05-04,1615,1709.3,latih
329,2017-05-05,1560,1690.7,latih
330,2017-05-08,1615,1666.38,latih
331,2017-05-09,1550,1655.09,latih
332,2017-05-10,1495,1632.98,latih
333,2017-05-12,1480,1588.89,latih
334,2017-05-15,1485,1559.85,latih
335,2017-05-16,1465,1534.99,latih
336,2017-05-17,1410,1508.32,latih
337,2017-05-18,1435,1475.47,latih
338,2017-05-19,1465,1451.95,latih
339,2017-05-22,1435,1434.68,latih
340,2017-05-23,1475,1415.35,latih
341,2017-05-24,1480,1406.88,latih
342,2017-05-26,1485,1400.21,latih
343,2017-05-29,1465,1396.58,latih
344,2017-05-30,1460,1389.81,latih
345,2017-05-31,1520,1383.18,latih
346,2017-06-01,1520,1391.97,latih
347,2017-06-02,1470,1396.15,latih
348,2017-06-05,1545,1386.89,latih
349,2017-06-06,1605,1402.91,latih
350,2017-06-07,1600,1456.41,latih
351,2017-06-08,1575,1490.25,latih
352,2017-06-09,1555,1492.75,latih
353,2017-06-12,1540,1486.47,latih
354,2017-06-13,1600,1474.44,latih
355,2017-06-14,1660,1552.44,latih
356,2017-06-15,1645,1601.24,latih
357,2017-06-16,1605,1607.5,latih
358,2017-06-19,1565,1597.58,latih
359,2017-06-20,1640,1555.85,latih
360,2017-06-21,1595,1591.26,latih
361,2017-06-22,1580,1584.94,latih
362,2017-06-23,1580,1566.07,latih
363,2017-06-26,1580,1557.45,latih
364,2017-06-29,1580,1553.6,latih
365,2017-06-30,1580,1550.21,latih
366,2017-07-03,1630,1549.07,latih
367,2017-07-04,1580,1592.01,latih
368,2017-07-05,1620,1560.45,latih
369,2017-07-06,1635,1594.17,latih
370,2017-07-07,1610,1614.62,latih
371,2017-07-10,1595,1600.2,latih
372,2017-07-11,1615,1577.04,latih
373,2017-07-12,1665,1593.13,latih
374,2017-07-13,1625,1625.75,latih
375,2017-07-14,1665,1618.19,latih
376,2017-07-17,1700,1636.7,latih
377,2017-07-18,1695,1652.51,latih
378,2017-07-19,1765,1659.43,latih
379,2017-07-20,1820,1678.43,latih
380,2017-07-21,1820,1703.05,latih
381,2017-07-24,1835,1723.9,latih
382,2017-07-25,1830,1744.37,latih
383,2017-07-26,1800,1763.08,latih
384,2017-07-27,1800,1770.28,latih
385,2017-07-28,1825,1776.44,latih
386,2017-07-31,1785,1787.09,latih
387,2017-08-01,1860,1779.24,latih
388,2017-08-02,1895,1799.73,latih
389,2017-08-03,1845,1820.0,latih
390,2017-08-04,1870,1821.26,latih
391,2017-08-07,1850,1832.27,latih
392,2017-08-08,1870,1830.57,latih
393,2017-08-09,1805,1838.62,latih
394,2017-08-10,1850,1782.68,latih
395,2017-08-11,1820,1812.15,latih
396,2017-08-14,1850,1789.6,latih
397,2017-08-15,1855,1812.2,latih
398,2017-08-16,1880,1824.27,latih
399,2017-08-17,1880,1846.33,latih
400,2017-08-18,1875,1855.64,latih
401,2017-08-21,1865,1860.42,latih
402,2017-08-22,1860,1848.22,latih
403,2017-08-23,1955,1840.04,latih
404,2017-08-24,1965,1883.74,latih
405,2017-08-25,1945,1907.76,latih
406,2017-08-28,1890,1917.47,latih
407,2017-08-29,1870,1891.02,latih
408,2017-08-30,1890,1860.05,latih
409,2017-08-31,1825,1873.85,latih
410,2017-09-04,1815,1833.71,latih
411,2017-09-05,1860,1812.97,latih
412,2017-09-06,1890,1818.61,latih
413,2017-09-07,1865,1861.0,latih
414,2017-09-08,1885,1843.75,latih
415,2017-09-11,1900,1860.13,latih
416,2017-09-12,1865,1884.91,latih
417,2017-09-13,1715,1858.0,latih
418,2017-09-14,1740,1819.12,latih
419,2017-09-15,1775,1795.48,latih
420,2017-09-18,1820,1785.08,latih
421,2017-09-19,1870,1784.85,latih
422,2017-09-20,1860,1810.29,latih
423,2017-09-21,1860,1812.45,latih
424,2017-09-22,1815,1814.14,latih
425,2017-09-25,1755,1798.86,latih
426,2017-09-26,1710,1782.54,latih
427,2017-09-27,1670,1762.82,latih
428,2017-09-28,1765,1740.01,latih
429,2017-09-29,1825,1736.91,latih
430,2017-10-02,1775,1748.86,latih
431,2017-10-03,1780,1740.5,latih
432,2017-10-04,1825,1736.43,latih
433,2017-10-05,1830,1748.27,latih
434,2017-10-06,1875,1760.28,latih
435,2017-10-09,1890,1832.71,latih
436,2017-10-10,1900,1872.22,latih
437,2017-10-11,1880,1886.33,latih
438,2017-10-12,1900,1875.6,latih
439,2017-10-13,1900,1885.65,latih
440,2017-10-16,1870,1889.6,latih
441,2017-10-17,1900,1860.86,latih
442,2017-10-18,1880,1881.13,latih
443,2017-10-19,1865,1869.42,latih
444,2017-10-20,1855,1847.12,latih
445,2017-10-23,1850,1829.85,latih
446,2017-10-24,1890,1819.27,latih
447,2017-10-25,1900,1862.79,latih
448,2017-10-26,1825,1882.93,latih
449,2017-10-27,1840,1822.82,latih
450,2017-10-30,1835,1804.31,latih
451,2017-10-31,1825,1793.12,latih
452,2017-11-01,1910,1782.82,latih
453,2017-11-02,1900,1867.09,latih
454,2017-11-03,1895,1887.4,latih
455,2017-11-06,1900,1886.07,latih
456,2017-11-07,1900,1888.84,latih
457,2017-11-08,1820,1889.67,latih
458,2017-11-09,1830,1844.88,latih
459,2017-11-10,1815,1827.09,latih
460,2017-11-13,1820,1815.05,latih
461,2017-11-14,1815,1814.55,latih
462,2017-11-15,1735,1815.84,latih
463,2017-11-16,1755,1799.97,latih
464,2017-11-17,1770,1790.48,latih
465,2017-11-20,1755,1783.03,latih
466,2017-11-21,1715,1773.86,latih
467,2017-11-22,1745,1759.21,latih
468,2017-11-23,1725,1751.43,latih
469,2017-11-24,1710,1741.43,latih
470,2017-11-27,1695,1730.49,latih
471,2017-11-28,1715,1717.83,latih
472,2017-11-29,1775,1711.33,latih
473,2017-11-30,1700,1716.67,latih
474,2017-12-01,1700,1705.21,latih
475,2017-12-04,1775,1696.77,latih
476,2017-12-05,1780,1706.68,latih
477,2017-12-06,1755,1715.22,latih
478,2017-12-07,1710,1703.27,latih
479,2017-12-08,1725,1690.52,latih
480,2017-12-11,1710,1685.83,latih
481,2017-12-12,1810,1678.63,latih
482,2017-12-13,1815,1737.07,latih
483,2017-12-14,1805,1782.11,latih
484,2017-12-15,1805,1786.05,latih
485,2017-12-18,1800,1789.41,latih
486,2017-12-19,1835,1788.46,latih
487,2017-12-20,1800,1811.76,latih
488,2017-12-21,1870,1798.3,latih
489,2017-12-22,1890,1818.36,latih
490,2017-12-25,1890,1832.58,latih
491,2017-12-27,1895,1843.89,latih
492,2017-12-28,1890,1854.75,latih
493,2017-12-29,1860,1863.55,latih
494,2018-01-01,1860,1860.03,latih
495,2018-01-02,1880,1858.17,latih
496,2018-01-03,1830,1866.61,latih
497,2018-01-04,1915,1822.78,latih
498,2018-01-05,1990,1869.23,latih
499,2018-01-08,2160,1900.86,latih
500,2018-01-09,2180,1954.99,latih
501,2018-01-10,2210,2008.25,latih
502,2018-01-11,2180,2052.47,latih
503,2018-01-12,2230,2083.97,latih
504,2018-01-15,2230,2119.54,latih
505,2018-01-16,2190,2146.84,latih
506,2018-01-17,2170,2159.37,latih
507,2018-01-18,2170,2163.59,latih
508,2018-01-22,2310,2165.89,latih
509,2018-01-23,2420,2207.45,latih
510,2018-01-24,2440,2253.95,latih
511,2018-01-25,2450,2293.55,latih
512,2018-01-26,2440,2334.82,latih
513,2018-01-29,2560,2368.44,latih
514,2018-01-30,2550,2421.59,latih
515,2018-01-31,2450,2457.4,latih
516,2018-02-01,2400,2451.1,latih
517,2018-02-02,2470,2419.0,latih
518,2018-02-05,2520,2446.11,latih
519,2018-02-06,2450,2478.19,latih
520,2018-02-07,2450,2454.17,latih
521,2018-02-08,2420,2436.7,latih
522,2018-02-09,2320,2392.78,latih
523,2018-02-12,2350,2244.75,latih
524,2018-02-13,2420,2228.65,latih
525,2018-02-14,2440,2321.66,latih
526,2018-02-15,2470,2382.72,latih
527,2018-02-16,2470,2437.32,latih
528,2018-02-19,2490,2454.71,latih
529,2018-02-20,2430,2477.38,latih
530,2018-02-21,2470,2409.66,latih
531,2018-02-22,2480,2437.66,latih
532,2018-02-23,2480,2455.52,latih
533,2018-02-26,2390,2458.61,latih
534,2018-02-27,2400,2373.2,latih
535,2018-02-28,2350,2343.19,latih
536,2018-03-01,2420,2321.9,latih
537,2018-03-02,2310,2348.33,latih
538,2018-03-05,2320,2347.53,latih
539,2018-03-06,2330,2343.05,latih
540,2018-03-07,2160,2334.08,latih
541,2018-03-08,2190,2295.42,latih
542,2018-03-09,2170,2270.53,latih
543,2018-03-12,2220,2245.24,latih
544,2018-03-13,2170,2234.11,latih
545,2018-03-14,2070,2216.01,latih
546,2018-03-15,2050,2180.7,latih
547,2018-03-16,2040,2147.46,latih
548,2018-03-19,2040,2116.91,latih
549,2018-03-20,2070,2092.24,latih
550,2018-03-21,2040,2073.5,latih
551,2018-03-22,2020,2051.5,latih
552,2018-03-23,1995,2029.28,latih
553,2018-03-26,2030,2005.84,latih
554,2018-03-27,2040,1991.59,latih
555,2018-03-28,2040,1980.58,latih
556,2018-03-29,2130,1971.09,latih
557,2018-03-30,2130,1983.14,latih
558,2018-04-03,2120,1989.5,latih
559,2018-04-04,2040,1992.0,latih
560,2018-04-05,2020,1975.34,latih
561,2018-04-06,2030,1964.45,latih
562,2018-04-09,2070,1961.53,latih
563,2018-04-10,2110,1971.47,latih
564,2018-04-11,2140,1989.31,latih
565,2018-04-12,2110,2025.01,latih
566,2018-04-13,2130,2025.68,latih
567,2018-04-16,2130,2058.62,latih
568,2018-04-17,2130,2079.12,latih
569,2018-04-19,2100,2100.65,latih
570,2018-04-20,2100,2085.54,latih
571,2018-04-23,2260,2072.29,latih
572,2018-04-24,2200,2149.83,latih
573,2018-04-25,2200,2175.41,latih
574,2018-04-26,2200,2181.38,latih
575,2018-04-27,2200,2187.23,latih
576,2018-04-30,1835,2194.5,latih
577,2018-05-01,1835,2074.65,latih
578,2018-05-02,1775,1987.1,latih
579,2018-05-03,1680,1926.65,latih
580,2018-05-04,1640,1867.58,latih
581,2018-05-07,1710,1815.34,latih
582,2018-05-08,1625,1786.48,latih
583,2018-05-09,1700,1747.12,latih
584,2018-05-11,1715,1725.3,latih
585,2018-05-14,1675,1705.19,latih
586,2018-05-15,1715,1680.33,latih
587,2018-05-16,1800,1664.15,latih
588,2018-05-17,1880,1664.92,latih
589,2018-05-18,1905,1686.77,latih
590,2018-05-21,1950,1704.38,latih
591,2018-05-22,1930,1740.47,latih
592,2018-05-23,1825,1746.33,latih
593,2018-05-24,1835,1709.32,latih
594,2018-05-25,1830,1694.55,latih
595,2018-05-28,1820,1685.66,latih
596,2018-05-29,1820,1677.93,latih
597,2018-05-30,1830,1673.78,latih
598,2018-05-31,1885,1676.28,latih
599,2018-06-01,1885,1711.88,latih
600,2018-06-04,1970,1733.91,latih
601,2018-06-05,2030,1872.3,latih
602,2018-06-06,1985,2014.31,latih
603,2018-06-07,1990,2000.75,latih
604,2018-06-08,1935,2004.12,latih
605,2018-06-11,1935,1949.78,latih
606,2018-06-12,1935,1946.69,latih
607,2018-06-13,1935,1939.61,latih
608,2018-06-14,1935,1935.34,latih
609,2018-06-15,1935,1930.44,latih
610,2018-06-18,1935,1926.35,latih
611,2018-06-19,1935,1922.07,latih
612,2018-06-20,2000,1915.08,latih
613,2018-06-22,1930,1971.79,latih
614,2018-06-25,1870,1921.61,latih
615,2018-06-26,1755,1858.09,latih
616,2018-06-27,1705,1817.92,latih
617,2018-06-28,1665,1795.89,latih
618,2018-06-29,1790,1768.6,latih
619,2018-07-02,1745,1764.45,latih
620,2018-07-03,1720,1751.61,latih
621,2018-07-04,1770,1736.89,latih
622,2018-07-05,1825,1733.06,latih
623,2018-07-06,1785,1742.98,latih
624,2018-07-09,1835,1738.26,latih
625,2018-07-10,1865,1748.25,latih
626,2018-07-11,1900,1767.38,latih
627,2018-07-12,1870,1809.81,latih
628,2018-07-13,1860,1800.03,latih
629,2018-07-16,1800,1791.29,latih
630,2018-07-17,1760,1766.84,latih
631,2018-07-18,1865,1746.3,latih
632,2018-07-19,1870,1774.91,latih
633,2018-07-20,1825,1796.19,latih
634,2018-07-23,1800,1778.98,latih
635,2018-07-24,1800,1761.0,latih
636,2018-07-25,1880,1751.41,latih
637,2018-07-26,1850,1821.25,latih
638,2018-07-27,1965,1811.29,latih
639,2018-07-30,2090,1915.88,latih
640,2018-07-31,1905,1973.03,latih
641,2018-08-01,1980,1923.79,latih
642,2018-08-02,1935,1961.98,latih
643,2018-08-03,1940,1951.18,latih
644,2018-08-06,1960,1952.4,latih
645,2018-08-07,1980,1964.7,latih
646,2018-08-08,1990,1978.96,latih
647,2018-08-09,1935,1989.73,latih
648,2018-08-10,1910,1950.83,latih
649,2018-08-13,1830,1901.96,latih
650,2018-08-14,1800,1831.05,latih
651,2018-08-15,1855,1797.93,latih
652,2018-08-16,1780,1798.05,latih
653,2018-08-17,1780,1780.16,latih
654,2018-08-20,1835,1773.2,latih
655,2018-08-21,1880,1777.5,latih
656,2018-08-22,1880,1797.45,latih
657,2018-08-23,1940,1808.59,latih
658,2018-08-24,1910,1897.92,latih
659,2018-08-27,1895,1884.4,latih
660,2018-08-28,1910,1859.91,latih
661,2018-08-29,1910,1866.38,latih
662,2018-08-30,1895,1868.34,latih
663,2018-08-31,1865,1853.75,latih
664,2018-09-03,1855,1832.53,latih
665,2018-09-04,1805,1822.52,latih
666,2018-09-05,1700,1809.84,latih
667,2018-09-06,1725,1782.68,latih
668,2018-09-07,1730,1766.52,latih
669,2018-09-10,1735,1752.47,latih
670,2018-09-11,1735,1748.27,latih
671,2018-09-12,1760,1738.28,latih
672,2018-09-13,1735,1735.1,latih
673,2018-09-14,1740,1726.17,latih
674,2018-09-17,1715,1719.92,latih
675,2018-09-18,1750,1710.49,latih
676,2018-09-19,1740,1710.66,latih
677,2018-09-20,1805,1709.68,latih
678,2018-09-21,1880,1727.57,latih
679,2018-09-24,1820,1840.06,latih
680,2018-09-25,1815,1798.74,latih
681,2018-09-26,1815,1778.39,latih
682,2018-09-27,1825,1771.04,latih
683,2018-09-28,1835,1776.68,latih
684,2018-10-01,1840,1790.84,latih
685,2018-10-02,1845,1804.49,latih
686,2018-10-03,1865,1819.99,latih
687,2018-10-04,1825,1857.79,latih
688,2018-10-05,1810,1820.22,latih
689,2018-10-08,1750,1791.01,latih
690,2018-10-09,1730,1752.81,latih
691,2018-10-10,1780,1730.52,latih
692,2018-10-11,1720,1726.08,latih
693,2018-10-12,1710,1711.74,latih
694,2018-10-15,1675,1702.17,latih
695,2018-10-16,1750,1689.92,latih
696,2018-10-17,1760,1695.65,latih
697,2018-10-18,1730,1705.09,latih
698,2018-10-19,1700,1700.52,latih
699,2018-10-22,1730,1692.69,latih
700,2018-10-23,1700,1693.43,latih
701,2018-10-24,1670,1687.47,latih
702,2018-10-25,1650,1678.03,latih
703,2018-10-26,1725,1667.72,latih
704,2018-10-29,1665,1673.93,latih
705,2018-10-30,1650,1665.89,latih
706,2018-10-31,1650,1656.7,latih
707,2018-11-01,1645,1648.19,latih
708,2018-11-02,1585,1639.08,latih
709,2018-11-05,1575,1623.65,latih
710,2018-11-06,1630,1607.51,latih
711,2018-11-08,1610,1603.99,latih
712,2018-11-09,1580,1596.68,latih
713,2018-11-12,1510,1585.48,latih
714,2018-11-13,1515,1564.5,latih
715,2018-11-14,1565,1549.38,latih
716,2018-11-15,1555,1545.73,latih
717,2018-11-16,1545,1543.18,latih
718,2018-11-19,1485,1537.64,latih
719,2018-11-20,1485,1522.16,latih
720,2018-11-21,1310,1507.57,latih
721,2018-11-22,1285,1463.54,latih
722,2018-11-23,1295,1423.7,latih
723,2018-11-26,1275,1391.07,latih
724,2018-11-27,1220,1359.76,latih
725,2018-11-28,1255,1322.01,latih
726,2018-11-29,1280,1297.23,latih
727,2018-11-30,1285,1280.66,latih
728,2018-12-03,1305,1266.08,latih
729,2018-12-04,1300,1256.13,latih
730,2018-12-05,1285,1247.35,latih
731,2018-12-06,1295,1235.8,latih
732,2018-12-07,1300,1227.73,latih
733,2018-12-10,1310,1223.21,latih
734,2018-12-11,1285,1223.42,latih
735,2018-12-12,1255,1217.57,latih
736,2018-12-13,1280,1206.91,latih
737,2018-12-14,1285,1205.4,latih
738,2018-12-17,1280,1205.55,latih
739,2018-12-18,1240,1203.13,latih
740,2018-12-19,1245,1189.69,latih
741,2018-12-20,1255,1185.46,latih
742,2018-12-21,1250,1186.38,latih
743,2018-12-24,1250,1187.13,latih
744,2018-12-25,1250,1185.87,latih
745,2018-12-26,1220,1185.78,latih
746,2018-12-27,1240,1183.6,latih
747,2018-12-28,1215,1191.71,latih
748,2018-12-31,1215,1197.4,latih
749,2019-01-01,1215,1204.94,latih
750,2019-01-02,1225,1219.36,latih
751,2019-01-03,1230,1217.84,latih
752,2019-01-04,1390,1216.54,latih
753,2019-01-07,1390,1285.16,latih
754,2019-01-08,1410,1333.46,latih
755,2019-01-09,1395,1363.33,latih
756,2019-01-10,1405,1380.4,latih
757,2019-01-11,1405,1394.28,latih
758,2019-01-14,1410,1404.43,latih
759,2019-01-15,1460,1413.66,latih
760,2019-01-16,1460,1431.62,latih
761,2019-01-17,1460,1446.67,latih
762,2019-01-18,1485,1458.61,latih
763,2019-01-21,1470,1472.85,latih
764,2019-01-22,1410,1482.62,latih
765,2019-01-23,1380,1453.99,latih
766,2019-01-24,1380,1397.99,latih
767,2019-01-25,1395,1370.72,latih
768,2019-01-28,1390,1385.68,latih
769,2019-01-29,1340,1378.64,latih
770,2019-01-30,1350,1315.19,latih
771,2019-01-31,1390,1296.32,latih
772,2019-02-01,1375,1343.39,latih
773,2019-02-04,1360,1335.57,latih
774,2019-02-05,1360,1313.08,latih
775,2019-02-06,1365,1303.36,latih
776,2019-02-07,1345,1305.46,latih
777,2019-02-08,1305,1293.86,latih
778,2019-02-11,1260,1283.5,latih
779,2019-02-12,1275,1277.5,latih
780,2019-02-13,1260,1280.26,latih
781,2019-02-14,1240,1281.82,latih
782,2019-02-15,1220,1281.08,latih
783,2019-02-18,1245,1265.53,latih
784,2019-02-19,1295,1256.61,latih
785,2019-02-20,1345,1258.16,latih
786,2019-02-21,1415,1273.29,latih
787,2019-02-22,1410,1377.38,latih
788,2019-02-25,1405,1412.25,latih
789,2019-02-27,1375,1413.32,latih
790,2019-02-28,1310,1375.56,latih
791,2019-03-01,1310,1321.66,latih
792,2019-03-04,1410,1294.71,latih
793,2019-03-05,1400,1395.11,latih
794,2019-03-06,1360,1414.9,latih
795,2019-03-07,1360,1368.63,latih
796,2019-03-08,1390,1352.61,latih
797,2019-03-11,1450,1391.61,latih
798,2019-03-12,1390,1431.63,latih
799,2019-03-13,1440,1414.04,latih
800,2019-03-14,1460,1440.44,latih
801,2019-03-15,1435,1459.59,latih
802,2019-03-18,1430,1460.66,latih
803,2019-03-19,1435,1459.11,latih
804,2019-03-20,1430,1462.3,latih
805,2019-03-21,1420,1458.5,latih
806,2019-03-22,1415,1446.74,latih
807,2019-03-25,1345,1433.44,latih
808,2019-03-27,1350,1356.3,latih
809,2019-03-28,1340,1324.63,latih
810,2019-04-01,1350,1307.24,latih
811,2019-04-02,1325,1306.47,latih
812,2019-04-04,1275,1303.02,latih
813,2019-04-05,1260,1300.36,latih
814,2019-04-08,1260,1297.98,latih
815,2019-04-09,1295,1292.19,latih
816,2019-04-10,1300,1289.73,latih
817,2019-04-11,1295,1286.4,latih
818,2019-04-12,1300,1282.34,latih
819,2019-04-15,1285,1280.01,latih
820,2019-04-16,1305,1274.99,latih
821,2019-04-17,1305,1276.96,latih
822,2019-04-18,1295,1278.48,latih
823,2019-04-19,1295,1274.46,latih
824,2019-04-22,1270,1271.33,latih
825,2019-04-23,1305,1263.46,latih
826,2019-04-24,1305,1265.71,latih
827,2019-04-25,1290,1265.87,latih
828,2019-04-26,1290,1262.63,latih
829,2019-04-29,1315,1260.02,latih
830,2019-04-30,1305,1267.96,latih
831,2019-05-01,1305,1269.9,latih
832,2019-05-02,1345,1271.43,latih
833,2019-05-03,1335,1321.49,latih
834,2019-05-06,1315,1331.97,latih
835,2019-05-07,1310,1315.28,latih
836,2019-05-08,1295,1305.08,latih
837,2019-05-09,1280,1294.17,latih
838,2019-05-10,1265,1282.78,latih
839,2019-05-13,1250,1274.41,latih
840,2019-05-14,1235,1267.06,latih
841,2019-05-15,1235,1260.11,latih
842,2019-05-16,1160,1253.95,latih
843,2019-05-17,1175,1235.49,latih
844,2019-05-20,1175,1224.17,latih
845,2019-05-21,1235,1214.65,latih
846,2019-05-22,1235,1216.27,latih
847,2019-05-23,1280,1216.09,latih
848,2019-05-24,1260,1235.52,latih
849,2019-05-28,1270,1232.64,latih
850,2019-05-29,1270,1237.19,latih
851,2019-05-30,1270,1239.96,latih
852,2019-05-31,1295,1241.98,latih
853,2019-06-03,1295,1279.36,latih
854,2019-06-04,1295,1293.43,latih
855,2019-06-06,1295,1296.34,latih
856,2019-06-10,1285,1299.28,latih
857,2019-06-11,1280,1285.58,latih
858,2019-06-12,1285,1274.33,latih
859,2019-06-13,1275,1275.57,latih
860,2019-06-14,1235,1265.69,latih
861,2019-06-17,1230,1239.37,latih
862,2019-06-20,1265,1224.94,latih
863,2019-06-21,1225,1236.51,latih
864,2019-06-24,1245,1223.04,latih
865,2019-06-25,1330,1223.14,latih
866,2019-06-26,1360,1299.36,latih
867,2019-06-27,1385,1333.31,latih
868,2019-07-02,1420,1356.78,latih
869,2019-07-03,1360,1383.29,latih
870,2019-07-04,1420,1388.12,latih
871,2019-07-05,1415,1407.84,latih
872,2019-07-08,1380,1422.28,latih
873,2019-07-09,1335,1419.58,latih
874,2019-07-10,1345,1374.48,latih
875,2019-07-11,1335,1369.99,latih
876,2019-07-12,1280,1351.26,latih
877,2019-07-15,1275,1297.27,latih
878,2019-07-16,1285,1268.06,latih
879,2019-07-17,1280,1258.82,latih
880,2019-07-18,1300,1252.67,latih
881,2019-07-19,1295,1259.06,latih
882,2019-07-22,1285,1259.1,latih
883,2019-07-23,1275,1254.85,latih
884,2019-07-24,1255,1249.45,latih
885,2019-07-25,1250,1242.18,latih
886,2019-07-26,1230,1236.85,latih
887,2019-07-29,1255,1229.28,latih
888,2019-07-30,1295,1230.05,latih
889,2019-07-31,1270,1245.16,latih
890,2019-08-01,1225,1242.4,latih
891,2019-08-02,1175,1232.4,latih
892,2019-08-05,1120,1219.39,latih
893,2019-08-06,1085,1199.52,latih
894,2019-08-07,1105,1179.9,latih
895,2019-08-08,1100,1165.76,latih
896,2019-08-09,1095,1150.35,latih
897,2019-08-12,1070,1136.01,latih
898,2019-08-13,1035,1119.23,latih
899,2019-08-14,1050,1100.2,latih
900,2019-08-15,1025,1085.3,latih
901,2019-08-16,1030,1070.48,latih
902,2019-08-19,1045,1059.42,latih
903,2019-08-20,1050,1051.26,latih
904,2019-08-21,1030,1043.85,latih
905,2019-08-22,1020,1034.09,latih
906,2019-08-23,1085,1024.69,latih
907,2019-08-26,1120,1030.55,latih
908,2019-08-27,1130,1045.93,latih
909,2019-08-28,1105,1059.34,latih
910,2019-08-29,1100,1055.92,latih
911,2019-08-30,1125,1054.57,latih
912,2019-09-02,1155,1068.95,latih
913,2019-09-03,1190,1115.48,latih
914,2019-09-04,1235,1206.99,latih
915,2019-09-05,1260,1266.84,latih
916,2019-09-06,1335,1288.24,latih
917,2019-09-09,1415,1316.71,latih
918,2019-09-10,1410,1350.99,latih
919,2019-09-11,1470,1374.29,latih
920,2019-09-12,1435,1411.67,latih
921,2019-09-13,1375,1440.49,latih
922,2019-09-16,1430,1451.72,latih
923,2019-09-17,1435,1480.03,latih
924,2019-09-18,1405,1500.83,latih
925,2019-09-20,1400,1508.51,latih
926,2019-09-23,1370,1515.02,latih
927,2019-09-24,1295,1496.85,latih
928,2019-09-25,1310,1382.18,latih
929,2019-09-26,1285,1351.49,latih
930,2019-09-27,1315,1296.88,latih
931,2019-09-30,1290,1321.28,latih
932,2019-10-01,1320,1281.61,latih
933,2019-10-02,1270,1312.57,latih
934,2019-10-03,1270,1252.19,latih
935,2019-10-04,1265,1225.85,latih
936,2019-10-07,1250,1214.61,latih
937,2019-10-08,1280,1202.18,latih
938,2019-10-09,1270,1215.88,latih
939,2019-10-10,1260,1216.89,latih
940,2019-10-11,1295,1217.35,latih
941,2019-10-14,1295,1239.43,latih
942,2019-10-15,1330,1251.12,latih
943,2019-10-16,1315,1281.71,latih
944,2019-10-17,1320,1281.89,latih
945,2019-10-18,1310,1285.79,latih
946,2019-10-21,1365,1283.24,latih
947,2019-10-23,1355,1345.09,latih
948,2019-10-24,1370,1357.19,latih
949,2019-10-25,1350,1390.06,latih
950,2019-10-28,1370,1373.0,latih
951,2019-10-29,1335,1397.14,latih
952,2019-10-30,1305,1357.74,latih
953,2019-10-31,1310,1319.31,latih
954,2019-11-01,1270,1305.26,latih
955,2019-11-04,1280,1284.52,latih
956,2019-11-05,1370,1276.88,latih
957,2019-11-06,1390,1351.99,latih
958,2019-11-07,1385,1383.6,latih
959,2019-11-11,1415,1397.1,latih
960,2019-11-12,1425,1412.34,latih
961,2019-11-13,1335,1425.76,latih
962,2019-11-14,1300,1371.79,latih
963,2019-11-15,1340,1321.24,latih
964,2019-11-18,1330,1334.81,latih
965,2019-11-19,1320,1324.38,latih
966,2019-11-20,1335,1311.35,latih
967,2019-11-21,1310,1319.25,latih
968,2019-11-22,1320,1305.0,latih
969,2019-11-25,1310,1303.92,latih
970,2019-11-26,1315,1301.07,latih
971,2019-11-27,1295,1300.73,latih
972,2019-11-28,1245,1295.94,latih
973,2019-11-29,1230,1284.07,latih
974,2019-12-02,1315,1273.51,latih
975,2019-12-03,1315,1284.01,latih
976,2019-12-04,1360,1289.56,latih
977,2019-12-05,1460,1354.91,latih
978,2019-12-06,1425,1418.09,latih
979,2019-12-09,1420,1441.16,latih
980,2019-12-10,1485,1450.97,latih
981,2019-12-11,1490,1473.65,latih
982,2019-12-12,1475,1492.86,latih
983,2019-12-13,1590,1504.02,latih
984,2019-12-16,1640,1541.65,latih
985,2019-12-17,1655,1584.08,latih
986,2019-12-18,1610,1622.44,latih
987,2019-12-19,1595,1645.08,latih
988,2019-12-20,1540,1660.36,latih
989,2019-12-23,1580,1648.03,latih
990,2019-12-26,1585,1664.86,latih
991,2019-12-27,1580,1677.51,latih
992,2019-12-30,1555,1680.88,latih
993,2020-01-02,1495,1660.37,latih
994,2020-01-03,1465,1572.06,latih
995,2020-01-06,1465,1492.81,latih
996,2020-01-07,1540,1456.31,latih
997,2020-01-08,1505,1566.51,latih
998,2020-01-09,1495,1533.65,latih
999,2020-01-10,1550,1504.22,latih
1000,2020-01-13,1565,1580.83,latih
1001,2020-01-14,1560,1620.83,latih
1002,2020-01-15,1475,1620.28,latih
1003,2020-01-16,1470,1521.16,latih
1004,2020-01-17,1480,1476.34,latih
1005,2020-01-20,1435,1465.23,latih
1006,2020-01-23,1380,1451.57,latih
1007,2020-01-24,1380,1441.04,latih
1008,2020-01-27,1295,1429.52,latih
1009,2020-01-28,1325,1408.83,latih
1010,2020-01-29,1305,1397.64,latih
1011,2020-01-30,1295,1381.37,latih
1012,2020-01-31,1225,1365.59,latih
1013,2020-02-03,1225,1340.16,latih
1014,2020-02-04,1270,1318.1,latih
1015,2020-02-05,1315,1307.73,latih
1016,2020-02-06,1305,1308.15,latih
1017,2020-02-07,1305,1303.69,latih
1018,2020-02-10,1280,1299.47,latih
1019,2020-02-11,1315,1290.19,latih
1020,2020-02-12,1330,1290.6,latih
1021,2020-02-13,1350,1292.96,latih
1022,2020-02-14,1320,1300.45,latih
1023,2020-02-17,1320,1294.3,latih
1024,2020-02-18,1330,1291.39,latih
1025,2020-02-19,1305,1292.76,latih
1026,2020-02-20,1350,1284.91,latih
1027,2020-02-21,1310,1300.98,latih
1028,2020-02-24,1285,1291.31,latih
1029,2020-02-25,1285,1278.17,latih
1030,2020-02-26,1250,1272.65,latih
1031,2020-02-27,1165,1261.5,latih
1032,2020-02-28,1155,1244.02,latih
1033,2020-03-02,1115,1228.84,latih
1034,2020-03-03,1140,1210.45,latih
1035,2020-03-04,1205,1200.83,latih
1036,2020-03-05,1175,1202.43,latih
1037,2020-03-06,1160,1195.57,latih
1038,2020-03-09,1010,1187.35,latih
1039,2020-03-10,1030,1157.49,latih
1040,2020-03-11,965,1134.99,latih
1041,2020-03-12,830,1105.3,latih
1042,2020-03-13,830,1058.35,latih
1043,2020-03-16,830,1021.0,latih
1044,2020-03-17,725,989.04,latih
1045,2020-03-18,690,942.97,latih
1046,2020-03-19,645,898.45,latih
1047,2020-03-20,745,853.75,latih
1048,2020-03-23,775,832.28,latih
1049,2020-03-24,850,867.74,latih
1050,2020-03-26,965,872.32,latih
1051,2020-03-27,990,908.09,latih
1052,2020-03-30,925,938.33,latih
1053,2020-03-31,990,929.98,latih
1054,2020-04-01,1020,955.86,latih
1055,2020-04-02,1040,995.63,latih
1056,2020-04-03,1100,1045.25,latih
1057,2020-04-06,1150,1172.88,latih
1058,2020-04-07,1140,1304.47,latih
1059,2020-04-08,1065,1322.17,latih
1060,2020-04-09,1040,1230.24,latih
1061,2020-04-13,1040,1161.9,latih
1062,2020-04-14,1080,1137.87,latih
1063,2020-04-15,1045,1188.94,latih
1064,2020-04-16,975,1159.06,latih
1065,2020-04-17,1035,1063.45,latih
1066,2020-04-20,985,1107.32,latih
1067,2020-04-21,930,1052.64,latih
1068,2020-04-22,885,980.15,latih
1069,2020-04-23,905,919.72,latih
1070,2020-04-24,875,899.96,latih
1071,2020-04-27,900,875.05,latih
1072,2020-04-28,890,874.9,latih
1073,2020-04-29,885,869.67,latih
1074,2020-04-30,920,866.16,latih
1075,2020-05-04,890,884.62,latih
1076,2020-05-05,905,881.52,latih
1077,2020-05-06,950,873.28,latih
1078,2020-05-08,1025,901.48,latih
1079,2020-05-11,1030,1014.82,latih
1080,2020-05-12,1005,1057.52,latih
1081,2020-05-13,1000,1031.38,latih
1082,2020-05-14,945,1015.41,latih
1083,2020-05-15,925,969.84,latih
1084,2020-05-18,1020,942.96,latih
1085,2020-05-19,1005,1015.8,latih
1086,2020-05-20,980,1018.11,latih
1087,2020-05-26,1000,995.25,latih
1088,2020-05-27,1000,1015.12,latih
1089,2020-05-28,1030,1029.98,latih
1090,2020-05-29,1100,1071.6,latih
1091,2020-06-02,1145,1105.63,latih
1092,2020-06-03,1165,1133.99,latih
1093,2020-06-04,1120,1154.6,latih
1094,2020-06-05,1100,1164.81,latih
1095,2020-06-08,1160,1170.29,latih
1096,2020-06-09,1180,1191.57,latih
1097,2020-06-10,1100,1215.03,latih
1098,2020-06-11,1070,1201.05,latih
1099,2020-06-12,1060,1159.13,latih
1100,2020-06-15,1020,1124.6,latih
1101,2020-06-16,1075,1057.88,latih
1102,2020-06-17,1070,1109.69,latih
1103,2020-06-18,1030,1110.51,latih
1104,2020-06-19,1040,1054.95,latih
1105,2020-06-22,1030,1038.08,latih
1106,2020-06-23,1005,1020.97,latih
1107,2020-06-24,1045,1004.61,latih
1108,2020-06-25,1005,1018.64,latih
1109,2020-06-26,1015,1004.95,latih
1110,2020-06-29,1005,1001.11,latih
1111,2020-06-30,995,995.92,latih
1112,2020-07-01,1045,991.08,latih
1113,2020-07-02,1050,1013.15,latih
1114,2020-07-03,1040,1027.23,latih
1115,2020-07-06,1065,1026.78,latih
1116,2020-07-07,1050,1047.38,latih
1117,2020-07-08,1065,1042.03,latih
1118,2020-07-09,1095,1052.19,latih
1119,2020-07-10,1085,1104.6,latih
1120,2020-07-13,1155,1102.55,latih
1121,2020-07-14,1155,1164.3,latih
1122,2020-07-15,1130,1182.95,latih
1123,2020-07-16,1110,1178.42,latih
1124,2020-07-17,1155,1164.21,latih
1125,2020-07-20,1130,1182.75,latih
1126,2020-07-21,1135,1178.68,latih
1127,2020-07-22,1125,1174.94,latih
1128,2020-07-23,1130,1173.73,latih
1129,2020-07-24,1090,1177.24,latih
1130,2020-07-27,1110,1135.89,latih
1131,2020-07-28,1090,1145.11,latih
1132,2020-07-29,1085,1119.55,latih
1133,2020-07-30,1085,1100.9,latih
1134,2020-08-03,1030,1091.64,latih
1135,2020-08-04,1035,1058.91,latih
1136,2020-08-05,1050,1044.73,latih
1137,2020-08-06,1115,1043.7,latih
1138,2020-08-07,1095,1123.91,latih
1139,2020-08-10,1140,1111.94,latih
1140,2020-08-11,1150,1164.01,latih
1141,2020-08-12,1120,1181.49,latih
1142,2020-08-13,1115,1158.24,latih
1143,2020-08-14,1115,1141.56,latih
1144,2020-08-18,1115,1133.66,latih
1145,2020-08-19,1115,1127.73,latih
1146,2020-08-24,1095,1125.02,latih
1147,2020-08-25,1100,1105.69,latih
1148,2020-08-26,1110,1099.3,latih
1149,2020-08-27,1125,1104.03,latih
1150,2020-08-28,1145,1128.59,latih
1151,2020-08-31,1085,1163.56,latih
1152,2020-09-01,1140,1123.3,latih
1153,2020-09-02,1215,1157.96,latih
1154,2020-09-03,1205,1187.21,latih
1155,2020-09-04,1205,1202.32,latih
1156,2020-09-07,1250,1214.7,latih
1157,2020-09-08,1240,1236.1,latih
1158,2020-09-09,1200,1251.07,latih
1159,2020-09-10,1120,1251.61,latih
1160,2020-09-11,1180,1181.06,latih
1161,2020-09-14,1200,1220.85,latih
1162,2020-09-15,1190,1243.38,latih
1163,2020-09-16,1145,1244.91,latih
1164,2020-09-17,1130,1191.49,latih
1165,2020-09-18,1145,1152.57,latih
1166,2020-09-22,1160,1145.92,latih
1167,2020-09-23,1160,1160.2,latih
1168,2020-09-24,1130,1165.06,latih
1169,2020-09-25,1140,1142.58,latih
1170,2020-09-28,1130,1137.21,latih
1171,2020-09-29,1165,1130.17,latih
1172,2020-09-30,1135,1159.09,latih
1173,2020-10-01,1180,1142.15,latih
1174,2020-10-02,1140,1190.19,latih
1175,2020-10-05,1125,1159.15,latih
1176,2020-10-06,1125,1139.2,latih
1177,2020-10-07,1130,1130.74,latih
1178,2020-10-08,1130,1128.89,latih
1179,2020-10-09,1115,1127.57,latih
1180,2020-10-12,1110,1122.85,latih
1181,2020-10-13,1150,1118.49,latih
1182,2020-10-14,1185,1132.11,latih
1183,2020-10-15,1155,1187.83,latih
1184,2020-10-16,1220,1168.67,latih
1185,2020-10-19,1220,1226.18,latih
1186,2020-10-20,1210,1241.66,latih
1187,2020-10-21,1200,1238.19,latih
1188,2020-10-22,1160,1230.69,latih
1189,2020-10-23,1145,1193.36,latih
1190,2020-10-26,1145,1164.15,latih
1191,2020-10-27,1125,1151.1,latih
1192,2020-11-02,1130,1137.48,latih
1193,2020-11-03,1145,1132.16,latih
1194,2020-11-04,1110,1135.93,latih
1195,2020-11-05,1140,1126.46,latih
1196,2020-11-06,1140,1130.3,latih
1197,2020-11-09,1130,1131.98,latih
1198,2020-11-10,1140,1128.27,latih
1199,2020-11-11,1205,1130.94,latih
1200,2020-11-12,1175,1199.73,latih
1201,2020-11-13,1165,1203.3,latih
1202,2020-11-16,1195,1189.34,latih
1203,2020-11-17,1180,1215.69,latih
1204,2020-11-18,1190,1212.18,latih
1205,2020-11-19,1240,1219.89,latih
1206,2020-11-20,1215,1238.19,latih
1207,2020-11-23,1290,1244.21,latih
1208,2020-11-24,1300,1267.36,latih
1209,2020-11-25,1300,1287.97,latih
1210,2020-11-26,1360,1304.01,latih
1211,2020-11-27,1390,1331.73,latih
1212,2020-11-30,1390,1363.82,latih
1213,2020-12-01,1390,1389.64,latih
1214,2020-12-02,1390,1412.31,latih
1215,2020-12-03,1375,1430.55,latih
1216,2020-12-04,1435,1442.38,latih
1217,2020-12-07,1485,1468.87,latih
1218,2020-12-08,1545,1503.4,latih
1219,2020-12-10,1545,1546.45,latih
1220,2020-12-11,1535,1581.23,latih
1221,2020-12-14,1570,1606.35,latih
1222,2020-12-15,1530,1636.19,latih
1223,2020-12-16,1555,1649.36,latih
1224,2020-12-17,1490,1669.25,latih
1225,2020-12-18,1480,1652.68,latih
1226,2020-12-21,1555,1634.27,latih
1227,2020-12-22,1470,1666.31,latih
1228,2020-12-23,1490,1613.11,latih
1229,2020-12-28,1505,1612.17,latih
1230,2020-12-29,1490,1622.44,latih
1231,2020-12-30,1430,1602.46,latih
1232,2021-01-04,1455,1504.95,latih
1233,2021-01-05,1425,1495.86,latih
1234,2021-01-06,1375,1447.8,latih
1235,2021-01-07,1405,1399.87,latih
1236,2021-01-08,1445,1394.14,latih
1237,2021-01-11,1525,1419.09,latih
1238,2021-01-12,1475,1553.43,latih
1239,2021-01-13,1515,1513.79,latih
1240,2021-01-14,1495,1557.02,latih
1241,2021-01-15,1455,1535.12,latih
1242,2021-01-18,1440,1488.64,latih
1243,2021-01-19,1415,1460.35,latih
1244,2021-01-20,1415,1441.73,latih
1245,2021-01-21,1410,1434.34,latih
1246,2021-01-22,1350,1431.14,latih
1247,2021-01-25,1295,1416.78,latih
1248,2021-01-26,1260,1396.78,latih
1249,2021-01-27,1245,1374.43,latih
1250,2021-01-28,1200,1354.29,latih
1251,2021-01-29,1200,1329.22,latih
1252,2021-02-01,1230,1308.96,latih
1253,2021-02-02,1200,1297.39,latih
1254,2021-02-03,1170,1281.08,latih
1255,2021-02-04,1165,1262.26,latih
1256,2021-02-05,1210,1244.74,latih
1257,2021-02-08,1220,1239.14,latih
1258,2021-02-09,1210,1234.61,latih
1259,2021-02-10,1200,1228.54,latih
1260,2021-02-16,1210,1221.17,latih
1261,2021-02-17,1180,1219.23,latih
1262,2021-02-18,1175,1207.76,latih
1263,2021-02-19,1180,1197.74,latih
1264,2021-02-22,1210,1190.86,latih
1265,2021-02-23,1205,1194.63,latih
1266,2021-02-24,1185,1194.23,latih
1267,2021-02-25,1200,1186.56,latih
1268,2021-02-26,1180,1186.69,latih
1269,2021-03-01,1185,1178.99,latih
1270,2021-03-02,1185,1176.56,latih
1271,2021-03-03,1185,1174.84,latih
1272,2021-03-04,1220,1174.45,latih
1273,2021-03-05,1180,1192.1,latih
1274,2021-03-08,1175,1182.65,latih
1275,2021-03-09,1165,1178.15,latih
1276,2021-03-10,1170,1174.48,latih
1277,2021-03-12,1210,1174.66,latih
1278,2021-03-15,1235,1209.59,latih
1279,2021-03-16,1220,1236.63,latih
1280,2021-03-17,1230,1236.9,latih
1281,2021-03-18,1270,1241.94,latih
1282,2021-03-19,1300,1255.07,latih
1283,2021-03-22,1285,1271.68,latih
1284,2021-03-23,1300,1283.56,latih
1285,2021-03-24,1225,1296.73,latih
1286,2021-03-25,1205,1264.67,latih
1287,2021-03-26,1220,1230.55,latih
1288,2021-03-29,1205,1229.75,latih
1289,2021-03-30,1175,1212.67,latih
1290,2021-03-31,1175,1192.55,latih
1291,2021-04-01,1180,1182.35,latih
1292,2021-04-05,1185,1178.71,latih
1293,2021-04-06,1210,1178.18,latih
1294,2021-04-07,1220,1192.35,latih
1295,2021-04-08,1230,1212.87,latih
1296,2021-04-09,1205,1240.94,latih
1297,2021-04-12,1180,1218.24,latih
1298,2021-04-13,1160,1196.98,latih
1299,2021-04-14,1195,1182.56,latih
1300,2021-04-15,1190,1185.75,latih
1301,2021-04-16,1185,1184.53,latih
1302,2021-04-19,1185,1182.85,latih
1303,2021-04-20,1185,1181.8,latih
1304,2021-04-21,1180,1180.96,latih
1305,2021-04-22,1170,1178.95,latih
1306,2021-04-23,1200,1176.02,latih
1307,2021-04-26,1210,1185.19,latih
1308,2021-04-27,1210,1196.6,latih
1309,2021-04-28,1215,1202.53,latih
1310,2021-04-29,1255,1210.87,latih
1311,2021-04-30,1245,1269.51,latih
1312,2021-05-03,1240,1278.18,latih
1313,2021-05-04,1250,1272.85,latih
1314,2021-05-05,1195,1272.45,latih
1315,2021-05-06,1185,1227.76,latih
1316,2021-05-07,1185,1202.99,latih
1317,2021-05-10,1195,1190.75,latih
1318,2021-05-11,1195,1189.98,latih
1319,2021-05-17,1185,1189.73,latih
1320,2021-05-18,1200,1185.14,latih
1321,2021-05-19,1175,1191.37,latih
1322,2021-05-20,1170,1183.67,latih
1323,2021-05-21,1165,1178.95,latih
1324,2021-05-24,1160,1174.7,latih
1325,2021-05-25,1170,1171.09,latih
1326,2021-05-27,1165,1170.07,latih
1327,2021-05-28,1170,1167.74,latih
1328,2021-05-31,1190,1167.78,latih
1329,2021-06-02,1260,1177.03,latih
1330,2021-06-03,1250,1237.7,latih
1331,2021-06-04,1230,1259.94,latih
1332,2021-06-07,1205,1261.01,latih
1333,2021-06-08,1210,1232.34,latih
1334,2021-06-09,1215,1223.98,latih
1335,2021-06-10,1210,1227.95,latih
1336,2021-06-11,1315,1220.71,latih
1337,2021-06-14,1325,1270.51,latih
1338,2021-06-15,1310,1301.38,latih
1339,2021-06-16,1395,1317.62,latih
1340,2021-06-17,1355,1351.18,latih
1341,2021-06-18,1310,1365.43,latih
1342,2021-06-21,1285,1366.5,latih
1343,2021-06-22,1290,1353.44,latih
1344,2021-06-23,1260,1352.73,latih
1345,2021-06-24,1245,1313.69,latih
1346,2021-06-25,1285,1278.29,latih
1347,2021-06-28,1235,1322.32,latih
1348,2021-06-29,1215,1271.98,latih
1349,2021-06-30,1205,1233.49,latih
1350,2021-07-01,1205,1212.24,latih
1351,2021-07-02,1260,1201.62,latih
1352,2021-07-05,1235,1245.22,latih
1353,2021-07-06,1290,1230.7,latih
1354,2021-07-07,1250,1309.47,latih
1355,2021-07-08,1220,1273.11,latih
1356,2021-07-09,1250,1241.77,latih
1357,2021-07-12,1235,1242.79,latih
1358,2021-07-13,1230,1234.29,latih
1359,2021-07-14,1220,1229.5,latih
1360,2021-07-15,1225,1222.76,latih
1361,2021-07-16,1240,1220.6,latih
1362,2021-07-19,1250,1225.55,latih
1363,2021-07-21,1240,1233.87,latih
1364,2021-07-22,1335,1232.19,latih
1365,2021-07-23,1305,1333.44,latih
1366,2021-07-26,1280,1346.52,latih
1367,2021-07-27,1275,1315.92,latih
1368,2021-07-28,1270,1298.52,latih
1369,2021-07-29,1325,1285.85,latih
1370,2021-07-30,1335,1331.18,latih
1371,2021-08-02,1370,1340.21,latih
1372,2021-08-03,1350,1356.1,latih
1373,2021-08-04,1360,1365.18,latih
1374,2021-08-05,1300,1374.79,latih
1375,2021-08-06,1290,1352.33,latih
1376,2021-08-09,1300,1327.67,latih
1377,2021-08-10,1340,1333.58,latih
1378,2021-08-12,1410,1364.96,latih
1379,2021-08-13,1385,1394.27,latih
1380,2021-08-16,1365,1407.95,latih
1381,2021-08-18,1340,1410.9,latih
1382,2021-08-19,1295,1398.41,latih
1383,2021-08-20,1265,1341.78,latih
1384,2021-08-23,1315,1294.74,latih
1385,2021-08-24,1260,1318.76,latih
1386,2021-08-25,1255,1283.69,latih
1387,2021-08-26,1280,1267.26,latih
1388,2021-08-27,1245,1267.94,latih
1389,2021-08-30,1300,1258.26,latih
1390,2021-08-31,1260,1276.08,latih
1391,2021-09-01,1320,1267.36,latih
1392,2021-09-02,1320,1304.19,latih
1393,2021-09-03,1355,1317.34,latih
1394,2021-09-06,1365,1374.93,latih
1395,2021-09-07,1345,1397.01,latih
1396,2021-09-08,1330,1386.96,latih
1397,2021-09-09,1365,1361.46,latih
1398,2021-09-10,1350,1392.69,latih
1399,2021-09-13,1340,1386.04,latih
1400,2021-09-14,1385,1369.49,latih
1401,2021-09-15,1390,1405.27,latih
1402,2021-09-16,1390,1418.0,latih
1403,2021-09-17,1335,1424.27,latih
1404,2021-09-20,1320,1378.61,latih
1405,2021-09-21,1345,1342.81,latih
1406,2021-09-22,1400,1355.72,latih
1407,2021-09-23,1415,1411.96,latih
1408,2021-09-24,1500,1434.98,latih
1409,2021-09-27,1510,1461.83,latih
1410,2021-09-28,1740,1486.41,latih
1411,2021-09-29,1720,1574.71,latih
1412,2021-09-30,1760,1637.62,latih
1413,2021-10-01,1780,1698.7,latih
1414,2021-10-04,1860,1754.52,latih
1415,2021-10-05,1830,1820.48,latih
1416,2021-10-06,1865,1868.05,latih
1417,2021-10-07,1735,1915.04,latih
1418,2021-10-08,1815,1918.7,latih
1419,2021-10-11,1915,1949.7,latih
1420,2021-10-12,1885,2000.0,latih
1421,2021-10-13,1860,2028.03,latih
1422,2021-10-14,1855,2045.57,latih
1423,2021-10-15,1860,2055.88,latih
1424,2021-10-18,1875,2069.69,latih
1425,2021-10-19,1855,2086.02,latih
1426,2021-10-21,1755,2081.46,latih
1427,2021-10-22,1735,1956.7,latih
1428,2021-10-25,1745,1873.33,latih
1429,2021-10-26,1765,1846.21,latih
1430,2021-10-27,1730,1858.7,latih
1431,2021-10-28,1630,1796.89,latih
1432,2021-10-29,1680,1676.73,latih
1433,2021-11-01,1685,1655.0,latih
1434,2021-11-02,1645,1646.99,latih
1435,2021-11-03,1675,1626.74,latih
1436,2021-11-04,1675,1639.33,latih
1437,2021-11-05,1645,1648.83,latih
1438,2021-11-08,1695,1652.85,latih
1439,2021-11-09,1705,1671.45,latih
1440,2021-11-10,1690,1688.59,latih
1441,2021-11-11,1685,1688.29,latih
1442,2021-11-12,1685,1685.74,latih
1443,2021-11-15,1610,1682.93,latih
1444,2021-11-16,1615,1664.29,latih
1445,2021-11-17,1640,1651.91,latih
1446,2021-11-18,1625,1647.43,latih
1447,2021-11-19,1645,1639.87,latih
1448,2021-11-22,1640,1640.66,latih
1449,2021-11-23,1705,1636.84,latih
1450,2021-11-24,1695,1662.1,latih
1451,2021-11-25,1745,1670.26,latih
1452,2021-11-26,1655,1750.5,latih
1453,2021-11-29,1690,1701.82,latih
1454,2021-11-30,1700,1694.19,latih
1455,2021-12-01,1755,1705.1,latih
1456,2021-12-02,1810,1763.23,latih
1457,2021-12-03,1815,1788.95,latih
1458,2021-12-06,1910,1807.52,latih
1459,2021-12-07,1905,1845.69,latih
1460,2021-12-08,1925,1873.54,latih
1461,2021-12-09,1935,1904.6,latih
1462,2021-12-10,1920,1933.79,latih
1463,2021-12-13,1920,1955.1,latih
1464,2021-12-14,1920,1974.02,latih
1465,2021-12-15,2020,1989.68,latih
1466,2021-12-16,2040,2028.03,latih
1467,2021-12-17,2050,2063.92,latih
1468,2021-12-20,2050,2094.97,latih
1469,2021-12-21,2120,2122.41,latih
1470,2021-12-22,2150,2161.62,latih
1471,2021-12-23,2150,2201.83,latih
1472,2021-12-24,2220,2234.52,latih
1473,2021-12-27,2180,2278.33,latih
1474,2021-12-28,2300,2300.28,latih
1475,2021-12-29,2310,2347.9,latih
1476,2021-12-30,2250,2388.31,latih
1477,2022-01-03,2370,2403.34,latih
1478,2022-01-04,2300,2448.17,latih
1479,2022-01-05,2240,2461.49,latih
1480,2022-01-06,2300,2450.41,latih
1481,2022-01-07,2430,2470.27,latih
1482,2022-01-10,2400,2520.98,latih
1483,2022-01-11,2340,2540.91,latih
1484,2022-01-12,2310,2531.4,latih
1485,2022-01-13,2280,2505.91,latih
1486,2022-01-14,2270,2464.52,latih
1487,2022-01-17,2260,2426.75,latih
1488,2022-01-18,2220,2389.34,latih
1489,2022-01-19,2230,2304.52,latih
1490,2022-01-20,2310,2276.42,latih
1491,2022-01-21,2310,2395.44,latih
1492,2022-01-24,2270,2420.34,latih
1493,2022-01-25,2210,2356.77,latih
1494,2022-01-26,2210,2259.96,latih
1495,2022-01-27,2310,2213.6,latih
1496,2022-01-28,2280,2337.26,latih
1497,2022-01-31,2240,2313.34,latih
1498,2022-02-02,2210,2259.85,latih
1499,2022-02-03,2220,2227.27,latih
1500,2022-02-04,2180,2218.75,latih
1501,2022-02-07,2200,2207.07,latih
1502,2022-02-08,2200,2206.99,latih
1503,2022-02-09,2210,2203.76,latih
1504,2022-02-10,2160,2205.99,latih
1505,2022-02-11,2170,2193.99,latih
1506,2022-02-14,2230,2187.38,latih
1507,2022-02-15,2290,2197.89,latih
1508,2022-02-16,2240,2274.47,latih
1509,2022-02-17,2220,2245.98,latih
1510,2022-02-18,2240,2225.15,latih
1511,2022-02-21,2220,2223.84,latih
1512,2022-02-22,2230,2216.59,latih
1513,2022-02-23,2320,2218.56,latih
1514,2022-02-24,2480,2309.78,latih
1515,2022-02-25,2450,2375.49,latih
1516,2022-03-01,2580,2412.86,latih
1517,2022-03-02,2610,2477.34,latih
1518,2022-03-04,3040,2536.24,latih
1519,2022-03-07,3240,2717.54,latih
1520,2022-03-08,3120,2910.36,latih
1521,2022-03-09,3080,3028.53,latih
1522,2022-03-10,2980,3117.23,latih
1523,2022-03-11,3000,3169.22,latih
1524,2022-03-14,2790,3220.55,latih
1525,2022-03-15,2710,3166.0,latih
1526,2022-03-16,2820,3055.82,latih
1527,2022-03-17,2740,3123.19,latih
1528,2022-03-18,2720,3053.31,latih
1529,2022-03-21,2720,2981.61,latih
1530,2022-03-22,2800,2938.8,latih
1531,2022-03-23,2800,3035.83,latih
1532,2022-03-24,2880,3045.21,latih
1533,2022-03-25,2820,3144.0,latih
1534,2022-03-28,2860,3086.01,latih
1535,2022-03-29,2770,3105.62,latih
1536,2022-03-30,2680,2956.87,latih
1537,2022-03-31,2690,2768.87,latih
1538,2022-04-01,2810,2681.42,latih
1539,2022-04-04,2810,2813.94,latih
1540,2022-04-05,3000,2838.92,latih
1541,2022-04-06,3070,3130.17,latih
1542,2022-04-07,3050,3233.23,latih
1543,2022-04-08,3160,3240.62,latih
1544,2022-04-11,3140,3269.96,latih
1545,2022-04-12,3140,3284.48,latih
1546,2022-04-13,3350,3285.77,latih
1547,2022-04-14,3310,3344.95,latih
1548,2022-04-18,3290,3380.8,latih
1549,2022-04-19,3270,3408.43,latih
1550,2022-04-20,3230,3411.42,latih
1551,2022-04-21,3270,3413.03,latih
1552,2022-04-22,3210,3434.16,latih
1553,2022-04-25,3210,3430.04,latih
1554,2022-04-26,3160,3429.92,latih
1555,2022-04-27,3170,3385.14,latih
1556,2022-04-28,3340,3368.22,latih
1557,2022-05-09,3160,3465.64,latih
1558,2022-05-10,3090,3360.23,latih
1559,2022-05-11,3150,3215.91,latih
1560,2022-05-12,3150,3235.51,latih
1561,2022-05-13,3210,3231.88,latih
1562,2022-05-17,3220,3324.79,latih
1563,2022-05-18,3190,3359.26,latih
1564,2022-05-19,3110,3309.24,latih
1565,2022-05-20,3310,3183.27,latih
1566,2022-05-23,3150,3399.27,latih
1567,2022-05-24,3200,3248.94,latih
1568,2022-05-25,3100,3230.63,latih
1569,2022-05-27,3160,3146.08,latih
1570,2022-05-30,3060,3143.73,latih
1571,2022-05-31,3270,3116.92,latih
1572,2022-06-02,3330,3286.79,latih
1573,2022-06-03,3520,3354.68,latih
1574,2022-06-06,3460,3425.25,latih
1575,2022-06-07,3650,3463.57,latih
1576,2022-06-08,3630,3541.1,latih
1577,2022-06-09,3600,3591.84,latih
1578,2022-06-10,3430,3630.0,latih
1579,2022-06-13,3190,3606.29,latih
1580,2022-06-14,3260,3401.9,latih
1581,2022-06-15,3040,3301.41,latih
1582,2022-06-16,3060,3173.81,latih
1583,2022-06-17,2920,3114.87,latih
1584,2022-06-20,2930,3059.3,latih
1585,2022-06-21,3030,3026.63,latih
1586,2022-06-22,3030,3021.38,latih
1587,2022-06-23,2940,3011.58,latih
1588,2022-06-24,2970,2988.28,latih
1589,2022-06-27,2960,2979.45,latih
1590,2022-06-28,2950,2967.5,latih
1591,2022-06-29,2870,2955.08,latih
1592,2022-06-30,2860,2928.85,latih
1593,2022-07-01,2720,2907.2,latih
1594,2022-07-04,2770,2865.41,latih
1595,2022-07-05,2880,2844.85,latih
1596,2022-07-06,2770,2845.47,latih
1597,2022-07-07,2770,2821.39,latih
1598,2022-07-08,2830,2802.38,latih
1599,2022-07-11,2830,2800.25,latih
1600,2022-07-12,2920,2794.36,latih
1601,2022-07-13,2930,2815.58,latih
1602,2022-07-14,2930,2826.64,latih
1603,2022-07-15,2760,2830.33,latih
1604,2022-07-18,2790,2785.72,latih
1605,2022-07-19,2950,2768.27,latih
1606,2022-07-20,3020,2827.99,latih
1607,2022-07-21,3020,2961.7,latih
1608,2022-07-22,3030,3077.71,latih
1609,2022-07-25,3100,3135.35,latih
1610,2022-07-26,3160,3172.66,latih
1611,2022-07-27,3280,3172.95,latih
1612,2022-07-28,3280,3222.25,latih
1613,2022-07-29,3250,3261.74,latih
1614,2022-08-01,3350,3295.41,latih
1615,2022-08-02,3180,3348.97,latih
1616,2022-08-03,3310,3342.21,latih
1617,2022-08-04,3190,3382.72,latih
1618,2022-08-05,3130,3374.56,latih
1619,2022-08-08,3080,3318.73,latih
1620,2022-08-09,3130,3223.5,latih
1621,2022-08-10,3140,3259.38,latih
1622,2022-08-11,3150,3276.07,latih
1623,2022-08-12,3190,3287.54,latih
1624,2022-08-15,3160,3331.65,latih
1625,2022-08-16,3150,3299.8,latih
1626,2022-08-18,3250,3268.86,latih
1627,2022-08-19,3250,3364.2,latih
1628,2022-08-22,3150,3388.21,latih
1629,2022-08-23,3350,3272.01,latih
1630,2022-08-24,3410,3399.3,latih
1631,2022-08-25,3410,3461.89,latih
1632,2022-08-26,3410,3495.72,latih
1633,2022-08-29,3460,3516.1,latih
1634,2022-08-30,3540,3523.01,latih
1635,2022-08-31,3540,3539.56,latih
1636,2022-09-01,3700,3565.7,latih
1637,2022-09-02,3780,3630.26,latih
1638,2022-09-05,4030,3701.89,latih
1639,2022-09-06,4040,3827.17,latih
1640,2022-09-07,4020,3933.11,latih
1641,2022-09-08,3940,4017.6,latih
1642,2022-09-09,3950,4070.7,latih
1643,2022-09-12,3970,4120.54,latih
1644,2022-09-13,4010,4167.94,latih
1645,2022-09-14,4010,4219.3,latih
1646,2022-09-15,4060,4259.26,latih
1647,2022-09-16,3930,4308.91,latih
1648,2022-09-19,3910,4289.59,latih
1649,2022-09-20,3890,4262.15,latih
1650,2022-09-21,3910,4221.28,latih
1651,2022-09-22,4100,4211.49,latih
1652,2022-09-23,4050,4323.29,latih
1653,2022-09-26,3860,4346.36,latih
1654,2022-09-27,3910,4134.11,latih
1655,2022-09-28,3870,4110.38,latih
1656,2022-09-29,3950,4014.0,latih
1657,2022-09-30,3960,4099.84,latih
1658,2022-10-03,3960,4125.72,latih
1659,2022-10-04,4120,4108.48,latih
1660,2022-10-05,4080,4246.69,latih
1661,2022-10-06,4100,4261.28,latih
1662,2022-10-07,4140,4266.94,latih
1663,2022-10-10,3920,4271.78,latih
1664,2022-10-11,3930,4074.27,latih
1665,2022-10-12,4000,3970.38,latih
1666,2022-10-13,4020,4000.76,latih
1667,2022-10-14,3950,4039.88,latih
1668,2022-10-17,3960,3977.98,latih
1669,2022-10-18,3860,3957.25,latih
1670,2022-10-19,3840,3919.31,latih
1671,2022-10-20,4000,3894.25,latih
1672,2022-10-21,3960,3965.61,latih
1673,2022-10-24,3920,3947.27,latih
1674,2022-10-25,3880,3923.53,latih
1675,2022-10-26,3930,3900.33,latih
1676,2022-10-27,3980,3902.2,latih
1677,2022-10-28,3910,3947.36,latih
1678,2022-10-31,3980,3917.53,latih
1679,2022-11-01,3750,3953.34,latih
1680,2022-11-02,3740,3895.89,latih
1681,2022-11-03,3750,3859.83,latih
1682,2022-11-04,3750,3835.8,latih
1683,2022-11-07,3830,3816.08,latih
1684,2022-11-08,3760,3818.99,latih
1685,2022-11-09,3640,3803.4,latih
1686,2022-11-10,3480,3773.94,latih
1687,2022-11-11,3490,3723.32,latih
1688,2022-11-14,3500,3682.59,latih
1689,2022-11-15,3510,3650.76,latih
1690,2022-11-16,3570,3625.59,latih
1691,2022-11-17,3590,3613.34,latih
1692,2022-11-18,3590,3604.96,latih
1693,2022-11-21,3690,3599.78,latih
1694,2022-11-22,3700,3617.5,latih
1695,2022-11-23,3750,3628.59,latih
1696,2022-11-24,3750,3659.26,latih
1697,2022-11-25,3730,3680.24,latih
1698,2022-11-28,3740,3679.5,latih
1699,2022-11-29,3880,3689.88,latih
1700,2022-11-30,3870,3929.61,latih
1701,2022-12-01,3900,3985.9,latih
1702,2022-12-02,3850,4026.62,latih
1703,2022-12-05,3780,3987.06,latih
1704,2022-12-06,3810,3886.48,latih
1705,2022-12-07,3830,3886.96,latih
1706,2022-12-08,3740,3922.87,latih
1707,2022-12-09,3680,3825.79,latih
1708,2022-12-12,3800,3730.81,latih
1709,2022-12-13,3740,3852.32,latih
1710,2022-12-14,3880,3794.05,latih
1711,2022-12-15,3900,3927.99,latih
1712,2022-12-16,3890,3976.28,latih
1713,2022-12-19,3970,3994.6,latih
1714,2022-12-20,3920,4026.0,latih
1715,2022-12-21,3920,4034.45,latih
1716,2022-12-22,3930,4042.45,latih
1717,2022-12-23,3810,4044.79,latih
1718,2022-12-26,3800,3925.37,latih
1719,2022-12-27,3750,3848.85,latih
1720,2022-12-28,3750,3776.81,latih
1721,2022-12-29,3800,3748.6,latih
1722,2022-12-30,3850,3765.53,latih
1723,2023-01-02,3590,3843.73,latih
1724,2023-01-03,3520,3765.45,latih
1725,2023-01-04,3300,3711.56,latih
1726,2023-01-05,3100,3635.54,latih
1727,2023-01-06,3140,3540.61,latih
1728,2023-01-09,3030,3472.0,latih
1729,2023-01-10,3140,3396.79,latih
1730,2023-01-11,3180,3352.77,latih
1731,2023-01-12,3090,3320.82,latih
1732,2023-01-13,3140,3275.43,latih
1733,2023-01-16,3100,3244.62,latih
1734,2023-01-17,3140,3209.75,latih
1735,2023-01-18,3170,3184.94,latih
1736,2023-01-19,3230,3169.3,latih
1737,2023-01-20,3240,3170.09,latih
1738,2023-01-24,3200,3168.45,latih
1739,2023-01-25,3130,3154.0,latih
1740,2023-01-26,3010,3129.11,latih
1741,2023-01-27,3060,3080.28,latih
1742,2023-01-30,3010,3058.24,latih
1743,2023-01-31,2960,3022.46,latih
1744,2023-02-01,2950,2989.24,latih
1745,2023-02-02,2870,2961.85,latih
1746,2023-02-03,2760,2926.6,latih
1747,2023-02-06,2780,2885.47,latih
1748,2023-02-07,2890,2856.1,latih
1749,2023-02-08,2920,2856.26,latih
1750,2023-02-09,2840,2861.97,latih
1751,2023-02-10,2740,2845.15,latih
1752,2023-02-13,2780,2820.8,latih
1753,2023-02-14,2830,2823.85,latih
1754,2023-02-15,2950,2828.42,latih
1755,2023-02-16,2920,2863.72,latih
1756,2023-02-17,2880,2867.38,latih
1757,2023-02-20,2900,2858.0,latih
1758,2023-02-21,2820,2857.05,latih
1759,2023-02-22,2850,2835.29,latih
1760,2023-02-23,2900,2828.09,latih
1761,2023-02-24,2890,2837.71,latih
1762,2023-02-27,2950,2838.31,latih
1763,2023-02-28,2990,2875.8,latih
1764,2023-03-01,2990,2947.67,latih
1765,2023-03-02,2990,2992.84,latih
1766,2023-03-03,3020,3025.68,latih
1767,2023-03-06,2910,3097.38,latih
1768,2023-03-07,2860,2994.62,latih
1769,2023-03-08,2920,2908.28,latih
1770,2023-03-09,2900,2913.94,latih
1771,2023-03-10,2860,2896.96,latih
1772,2023-03-13,2900,2867.12,latih
1773,2023-03-14,2770,2882.58,latih
1774,2023-03-15,2750,2838.47,latih
1775,2023-03-16,2640,2809.86,latih
1776,2023-03-17,2780,2774.39,latih
1777,2023-03-20,2720,2776.15,latih
1778,2023-03-21,2730,2765.02,latih
1779,2023-03-24,2680,2755.58,latih
1780,2023-03-27,2680,2738.13,latih
1781,2023-03-28,2770,2726.04,latih
1782,2023-03-29,2880,2738.77,latih
1783,2023-03-30,2870,2818.46,latih
1784,2023-03-31,2900,2839.7,latih
1785,2023-04-03,2940,2908.46,latih
1786,2023-04-04,3050,2998.2,latih
1787,2023-04-05,3060,3065.55,latih
1788,2023-04-06,3020,3099.5,latih
1789,2023-04-10,2990,3110.63,latih
1790,2023-04-11,3050,3101.45,latih
1791,2023-04-12,2960,3126.67,latih
1792,2023-04-13,2960,3073.63,latih
1793,2023-04-14,2920,3053.1,latih
1794,2023-04-17,2860,2992.55,latih
1795,2023-04-18,3000,2910.3,latih
1796,2023-04-26,3100,3054.47,latih
1797,2023-04-27,3080,3121.9,latih
1798,2023-04-28,3130,3151.4,latih
1799,2023-05-02,2980,3184.48,latih
1800,2023-05-03,2940,3111.5,latih
1801,2023-05-04,2920,3025.5,latih
1802,2023-05-05,2790,2958.98,latih
1803,2023-05-08,2870,2857.13,latih
1804,2023-05-09,2890,2837.72,latih
1805,2023-05-10,2940,2841.81,latih
1806,2023-05-11,2800,2897.99,latih
1807,2023-05-12,2760,2836.35,latih
1808,2023-05-15,2660,2805.16,latih
1809,2023-05-16,2670,2774.85,latih
1810,2023-05-17,2540,2762.36,latih
1811,2023-05-19,2410,2733.85,latih
1812,2023-05-22,2460,2682.99,latih
1813,2023-05-23,2290,2645.51,latih
1814,2023-05-24,2250,2585.06,latih
1815,2023-05-25,2120,2527.69,latih
1816,2023-05-26,2090,2455.97,latih
1817,2023-05-29,2070,2390.51,latih
1818,2023-05-30,2110,2331.69,latih
1819,2023-05-31,2040,2287.51,latih
1820,2023-06-05,2100,2237.97,latih
1821,2023-06-06,2220,2204.3,latih
1822,2023-06-07,2170,2196.16,latih
1823,2023-06-08,2200,2173.91,latih
1824,2023-06-09,2190,2162.61,latih
1825,2023-06-12,2210,2148.2,latih
1826,2023-06-13,2210,2142.06,latih
1827,2023-06-14,2250,2138.28,latih
1828,2023-06-15,2300,2145.51,latih
1829,2023-06-16,2320,2166.88,latih
1830,2023-06-19,2260,2183.61,latih
1831,2023-06-20,2270,2172.45,latih
1832,2023-06-21,2260,2173.76,latih
1833,2023-06-22,2260,2168.17,latih
1834,2023-06-23,2230,2169.31,latih
1835,2023-06-26,2210,2161.69,latih
1836,2023-06-27,2230,2157.94,latih
1837,2023-07-03,2330,2165.5,latih
1838,2023-07-04,2340,2309.94,latih
1839,2023-07-05,2420,2405.54,latih
1840,2023-07-06,2450,2465.66,latih
1841,2023-07-07,2380,2469.16,latih
1842,2023-07-10,2420,2460.97,latih
1843,2023-07-11,2430,2460.61,latih
1844,2023-07-12,2370,2476.82,latih
1845,2023-07-13,2320,2469.81,latih
1846,2023-07-14,2360,2416.1,latih
1847,2023-07-17,2380,2436.01,latih
1848,2023-07-18,2330,2453.21,latih
1849,2023-07-20,2370,2402.24,latih
1850,2023-07-21,2420,2426.85,latih
1851,2023-07-24,2470,2457.59,latih
1852,2023-07-25,2430,2487.36,latih
1853,2023-07-26,2500,2491.93,latih
1854,2023-07-27,2450,2515.08,latih
1855,2023-07-28,2470,2515.36,latih
1856,2023-07-31,2410,2523.85,latih
1857,2023-08-01,2390,2486.98,latih
1858,2023-08-02,2370,2442.35,latih
1859,2023-08-03,2360,2397.23,latih
1860,2023-08-04,2400,2363.3,latih
1861,2023-08-07,2380,2404.41,latih
1862,2023-08-08,2370,2383.76,latih
1863,2023-08-09,2400,2362.15,latih
1864,2023-08-10,2410,2389.27,latih
1865,2023-08-11,2350,2412.01,latih
1866,2023-08-14,2390,2370.26,latih
1867,2023-08-15,2510,2373.77,latih
1868,2023-08-16,2520,2469.43,latih
1869,2023-08-18,2540,2507.19,latih
1870,2023-08-21,2620,2530.5,latih
1871,2023-08-22,2700,2564.85,latih
1872,2023-08-23,2700,2614.51,latih
1873,2023-08-24,2670,2653.26,latih
1874,2023-08-25,2590,2678.83,latih
1875,2023-08-28,2680,2678.81,latih
1876,2023-08-29,2680,2705.1,latih
1877,2023-08-30,2690,2725.98,latih
1878,2023-08-31,2670,2745.89,latih
1879,2023-09-01,2680,2754.5,latih
1880,2023-09-04,2740,2766.17,latih
1881,2023-09-05,2740,2792.77,latih
1882,2023-09-06,2870,2813.55,latih
1883,2023-09-07,2880,2860.4,latih
1884,2023-09-08,2890,2901.3,latih
1885,2023-09-11,2800,2937.31,latih
1886,2023-09-12,2810,2940.99,latih
1887,2023-09-13,2860,2949.65,latih
1888,2023-09-14,2910,2972.73,latih
1889,2023-09-15,2840,3001.81,latih
1890,2023-09-18,2840,2993.72,latih
1891,2023-09-19,2900,2989.65,latih
1892,2023-09-20,2960,3013.61,latih
1893,2023-09-21,2950,3040.61,latih
1894,2023-09-22,2950,3054.97,latih
1895,2023-09-25,2950,3062.38,latih
1896,2023-09-26,2770,3057.42,latih
1897,2023-09-27,2870,2893.62,latih
1898,2023-09-29,2850,2944.97,latih
1899,2023-10-02,2810,2921.65,latih
1900,2023-10-03,2690,2851.22,latih
1901,2023-10-04,2660,2762.22,latih
1902,2023-10-05,2610,2714.59,latih
1903,2023-10-06,2650,2681.77,latih
1904,2023-10-09,2770,2670.25,latih
1905,2023-10-10,2780,2704.27,latih
1906,2023-10-11,2760,2722.91,latih
1907,2023-10-12,2690,2723.58,latih
1908,2023-10-13,2710,2706.36,latih
1909,2023-10-16,2780,2703.24,latih
1910,2023-10-17,2770,2724.42,latih
1911,2023-10-18,2840,2728.76,latih
1912,2023-10-19,2820,2795.42,latih
1913,2023-10-20,2800,2798.69,latih
1914,2023-10-23,2660,2785.02,latih
1915,2023-10-24,2660,2737.31,latih
1916,2023-10-25,2670,2707.5,latih
1917,2023-10-26,2650,2689.49,latih
1918,2023-10-27,2640,2672.43,latih
1919,2023-10-30,2540,2658.27,latih
1920,2023-10-31,2560,2630.96,latih
1921,2023-11-01,2410,2613.64,latih
1922,2023-11-02,2390,2574.19,latih
1923,2023-11-03,2490,2540.99,latih
1924,2023-11-06,2530,2530.22,validasi
1925,2023-11-07,2470,2528.18,validasi
1926,2023-11-08,2440,2514.09,validasi
1927,2023-11-09,2450,2495.56,validasi
1928,2023-11-10,2480,2482.41,validasi
1929,2023-11-13,2480,2477.91,validasi
1930,2023-11-14,2480,2471.99,validasi
1931,2023-11-15,2510,2467.1,validasi
1932,2023-11-16,2530,2470.69,validasi
1933,2023-11-17,2540,2477.61,validasi
1934,2023-11-20,2550,2483.5,validasi
1935,2023-11-21,2610,2490.66,validasi
1936,2023-11-22,2590,2540.92,validasi
1937,2023-11-23,2550,2548.92,validasi
1938,2023-11-24,2540,2527.9,validasi
1939,2023-11-27,2550,2513.44,validasi
1940,2023-11-28,2580,2513.03,validasi
1941,2023-11-29,2580,2543.0,validasi
1942,2023-11-30,2620,2571.86,validasi
1943,2023-12-01,2560,2663.49,validasi
1944,2023-12-04,2560,2608.95,validasi
1945,2023-12-05,2510,2586.27,validasi
1946,2023-12-06,2530,2538.42,validasi
1947,2023-12-07,2530,2526.49,validasi
1948,2023-12-08,2560,2522.63,validasi
1949,2023-12-11,2560,2577.1,validasi
1950,2023-12-12,2550,2591.34,validasi
1951,2023-12-13,2450,2580.89,validasi
1952,2023-12-14,2490,2522.43,validasi
1953,2023-12-15,2520,2501.5,validasi
1954,2023-12-18,2510,2503.07,validasi
1955,2023-12-19,2600,2497.7,validasi
1956,2023-12-20,2580,2595.92,validasi
1957,2023-12-21,2600,2611.57,validasi
1958,2023-12-22,2590,2623.5,validasi
1959,2023-12-27,2590,2623.69,validasi
1960,2023-12-28,2580,2623.0,validasi
1961,2023-12-29,2380,2610.91,validasi
1962,2024-01-02,2490,2553.62,validasi
1963,2024-01-03,2410,2521.08,validasi
1964,2024-01-04,2460,2489.66,validasi
1965,2024-01-05,2440,2478.76,validasi
1966,2024-01-08,2440,2466.8,validasi
1967,2024-01-09,2430,2458.31,validasi
1968,2024-01-10,2460,2449.69,validasi
1969,2024-01-11,2450,2449.18,validasi
1970,2024-01-12,2480,2445.47,validasi
1971,2024-01-15,2510,2450.05,validasi
1972,2024-01-16,2500,2468.07,validasi
1973,2024-01-17,2490,2472.82,validasi
1974,2024-01-18,2460,2469.28,validasi
1975,2024-01-19,2430,2457.2,uji
1976,2024-01-22,2400,2444.07,uji
1977,2024-01-23,2350,2429.48,uji
1978,2024-01-24,2340,2410.45,uji
1979,2024-01-25,2360,2394.4,uji
1980,2024-01-26,2380,2385.21,uji
1981,2024-01-29,2400,2380.93,uji
1982,2024-01-30,2390,2382.2,uji
1983,2024-01-31,2400,2379.04,uji
1984,2024-02-01,2420,2378.57,uji
1985,2024-02-02,2420,2383.41,uji
1986,2024-02-05,2430,2387.66,uji
1987,2024-02-06,2460,2394.15,uji
1988,2024-02-07,2460,2431.22,uji
1989,2024-02-12,2470,2458.51,uji
1990,2024-02-13,2480,2495.65,uji
1991,2024-02-15,2510,2511.79,uji
1992,2024-02-16,2520,2526.73,uji
1993,2024-02-19,2430,2535.5,uji
1994,2024-02-20,2430,2480.4,uji
1995,2024-02-21,2420,2443.66,setelah_uji
1996,2024-02-22,2440,2420.75,setelah_uji
1997,2024-02-23,2420,2424.82,setelah_uji
1998,2024-02-26,2370,2411.44,setelah_uji
1999,2024-02-27,2380,2391.74,setelah_uji
2000,2024-02-28,2400,2382.35,setelah_uji
2001,2024-02-29,2420,2381.9,setelah_uji
2002,2024-03-01,2490,2391.59,setelah_uji
2003,2024-03-04,2540,2485.67,setelah_uji
2004,2024-03-05,2630,2521.52,setelah_uji
2005,2024-03-06,2670,2561.01,setelah_uji
2006,2024-03-07,2700,2601.66,setelah_uji
2007,2024-03-08,2670,2642.02,setelah_uji
2008,2024-03-13,2600,2666.2,setelah_uji
2009,2024-03-14,2670,2667.4,setelah_uji
2010,2024-03-15,2660,2689.18,setelah_uji
2011,2024-03-18,2630,2704.15,setelah_uji
2012,2024-03-19,2630,2707.74,setelah_uji
2013,2024-03-20,2650,2710.62,setelah_uji
2014,2024-03-21,2650,2721.67,setelah_uji
2015,2024-03-22,2650,2729.21,setelah_uji
2016,2024-03-25,2670,2733.37,setelah_uji
2017,2024-03-26,2740,2746.0,setelah_uji
2018,2024-03-27,2720,2775.88,setelah_uji
2019,2024-03-28,2700,2791.05,setelah_uji
2020,2024-04-01,2640,2793.84,setelah_uji
2021,2024-04-02,2690,2738.47,setelah_uji
2022,2024-04-03,2680,2770.63,setelah_uji
2023,2024-04-04,2690,2772.48,setelah_uji
2024,2024-04-05,2700,2778.42,setelah_uji
2025,2024-04-16,2810,2785.74,setelah_uji
2026,2024-04-17,2750,2833.96,setelah_uji
2027,2024-04-18,2730,2838.76,setelah_uji
2028,2024-04-19,2760,2823.53,setelah_uji
2029,2024-04-22,2750,2831.47,setelah_uji
2030,2024-04-23,2750,2822.37,setelah_uji
2031,2024-04-24,2680,2812.73,setelah_uji
2032,2024-04-25,2620,2733.76,setelah_uji
2033,2024-04-26,2600,2671.73,setelah_uji
2034,2024-04-29,2670,2643.29,setelah_uji
2035,2024-04-30,2710,2647.66,setelah_uji
2036,2024-05-02,2730,2702.88,setelah_uji
2037,2024-05-03,2730,2753.42,setelah_uji
2038,2024-05-07,2810,2765.56,setelah_uji
2039,2024-05-08,2870,2795.31,setelah_uji
2040,2024-05-13,2950,2828.16,setelah_uji
2041,2024-05-14,2880,2872.74,setelah_uji
2042,2024-05-15,2830,2890.94,setelah_uji
2043,2024-05-16,2880,2891.07,setelah_uji
2044,2024-05-17,2880,2908.01,setelah_uji
2045,2024-05-20,2910,2920.28,setelah_uji
2046,2024-05-21,2880,2937.4,setelah_uji
2047,2024-05-22,2920,2943.0,setelah_uji
2048,2024-05-27,2870,2960.71,setelah_uji
2049,2024-05-28,2690,2954.58,setelah_uji
2050,2024-05-29,2680,2831.78,setelah_uji
2051,2024-05-30,2740,2743.38,setelah_uji
2052,2024-05-31,2770,2722.08,setelah_uji
2053,2024-06-03,2930,2732.26,setelah_uji
2054,2024-06-04,2920,2917.98,setelah_uji
2055,2024-06-05,2870,2969.41,setelah_uji
2056,2024-06-06,2850,2955.05,setelah_uji
2057,2024-06-07,2840,2922.04,setelah_uji
2058,2024-06-10,2750,2891.38,setelah_uji
2059,2024-06-11,2720,2806.49,setelah_uji
2060,2024-06-12,2790,2751.48,setelah_uji
2061,2024-06-13,2780,2757.16,setelah_uji
2062,2024-06-14,2780,2750.74,setelah_uji
2063,2024-06-19,2660,2749.59,setelah_uji
2064,2024-06-20,2730,2723.9,setelah_uji
2065,2024-06-21,2730,2723.5,setelah_uji
2066,2024-06-24,2720,2721.54,setelah_uji
2067,2024-06-25,2710,2718.36,setelah_uji
2068,2024-06-26,2750,2714.06,setelah_uji
2069,2024-06-27,2750,2718.41,setelah_uji
2070,2024-06-28,2790,2719.09,setelah_uji
2071,2024-07-01,2800,2739.43,setelah_uji
2072,2024-07-02,2840,2759.04,setelah_uji
2073,2024-07-03,2890,2838.78,setelah_uji
2074,2024-07-04,2860,2923.45,setelah_uji
2075,2024-07-05,2910,2922.79,setelah_uji
2076,2024-07-08,2900,2947.67,setelah_uji
2077,2024-07-09,2900,2953.99,setelah_uji
2078,2024-07-10,2900,2953.78,setelah_uji
2079,2024-07-11,2860,2956.47,setelah_uji
2080,2024-07-12,2830,2929.38,setelah_uji
2081,2024-07-15,2870,2876.87,setelah_uji
2082,2024-07-16,2870,2910.17,setelah_uji
2083,2024-07-17,2900,2917.74,setelah_uji
2084,2024-07-18,3030,2942.9,setelah_uji
2085,2024-07-19,3100,2979.72,setelah_uji
2086,2024-07-22,3190,3025.46,setelah_uji
2087,2024-07-23,3130,3085.57,setelah_uji
2088,2024-07-24,3170,3120.55,setelah_uji
2089,2024-07-25,3130,3159.0,setelah_uji
2090,2024-07-26,3180,3180.37,setelah_uji
2091,2024-07-29,3180,3212.88,setelah_uji
2092,2024-07-30,3230,3238.75,setelah_uji
2093,2024-07-31,3220,3272.78,setelah_uji
2094,2024-08-01,3250,3292.32,setelah_uji
2095,2024-08-02,3320,3319.46,setelah_uji
2096,2024-08-05,3090,3355.83,setelah_uji
2097,2024-08-06,3180,3253.39,setelah_uji
2098,2024-08-07,3230,3296.3,setelah_uji
2099,2024-08-08,3190,3332.67,setelah_uji
2100,2024-08-09,3180,3323.95,setelah_uji
2101,2024-08-12,3240,3308.12,setelah_uji
2102,2024-08-13,3230,3341.99,setelah_uji
2103,2024-08-14,3220,3348.89,setelah_uji
2104,2024-08-15,3210,3343.0,setelah_uji
2105,2024-08-16,3280,3325.31,setelah_uji
2106,2024-08-19,3280,3369.52,setelah_uji
2107,2024-08-20,3270,3386.16,setelah_uji
2108,2024-08-21,3260,3384.34,setelah_uji
2109,2024-08-22,3360,3370.51,setelah_uji
2110,2024-08-23,3470,3411.34,setelah_uji
2111,2024-08-26,3490,3446.45,setelah_uji
2112,2024-08-27,3520,3472.56,setelah_uji
2113,2024-08-28,3530,3492.97,setelah_uji
2114,2024-08-29,3520,3508.54,setelah_uji
2115,2024-08-30,3560,3530.43,setelah_uji
2116,2024-09-02,3610,3561.22,setelah_uji
2117,2024-09-03,3600,3600.72,setelah_uji
2118,2024-09-04,3560,3630.05,setelah_uji
2119,2024-09-05,3550,3645.87,setelah_uji
2120,2024-09-06,3470,3654.65,setelah_uji
2121,2024-09-09,3490,3614.0,setelah_uji
2122,2024-09-10,3490,3612.05,setelah_uji
2123,2024-09-11,3520,3608.51,setelah_uji
2124,2024-09-12,3850,3629.76,setelah_uji
2125,2024-09-13,3670,3727.92,setelah_uji
2126,2024-09-17,3760,3763.96,setelah_uji
2127,2024-09-18,3650,3802.52,setelah_uji
2128,2024-09-19,3660,3796.66,setelah_uji
2129,2024-09-20,3690,3800.91,setelah_uji
2130,2024-09-23,3700,3814.89,setelah_uji
2131,2024-09-24,3740,3823.32,setelah_uji
2132,2024-09-25,3690,3845.59,setelah_uji
2133,2024-09-26,3780,3830.64,setelah_uji
2134,2024-09-27,3910,3861.03,setelah_uji
2135,2024-09-30,3810,3904.05,setelah_uji
2136,2024-10-01,3920,3911.79,setelah_uji
2137,2024-10-02,3870,3944.06,setelah_uji
2138,2024-10-03,3830,3951.77,setelah_uji
2139,2024-10-04,3810,3939.39,setelah_uji
2140,2024-10-07,3890,3927.24,setelah_uji
2141,2024-10-08,3800,3955.02,setelah_uji
2142,2024-10-09,3820,3924.25,setelah_uji
2143,2024-10-10,3820,3926.72,setelah_uji
2144,2024-10-11,3870,3924.7,setelah_uji
2145,2024-10-14,3870,3955.12,setelah_uji
2146,2024-10-15,3880,3968.69,setelah_uji
2147,2024-10-16,3850,3981.12,setelah_uji
2148,2024-10-17,3900,3961.2,setelah_uji
2149,2024-10-18,3780,3988.59,setelah_uji
2150,2024-10-21,3740,3872.3,setelah_uji
2151,2024-10-22,3730,3777.81,setelah_uji
2152,2024-10-23,3690,3728.87,setelah_uji
2153,2024-10-24,3680,3702.9,setelah_uji
2154,2024-10-25,3660,3699.99,setelah_uji
2155,2024-10-28,3680,3684.91,setelah_uji
2156,2024-10-29,3630,3683.82,setelah_uji
2157,2024-10-30,3640,3670.04,setelah_uji
2158,2024-10-31,3620,3666.83,setelah_uji
2159,2024-11-01,3790,3660.14,setelah_uji
2160,2024-11-04,3930,3717.39,setelah_uji
2161,2024-11-05,4040,3908.18,setelah_uji
2162,2024-11-06,4010,3994.05,setelah_uji
2163,2024-11-07,3920,4028.27,setelah_uji
2164,2024-11-08,3830,4016.94,setelah_uji
2165,2024-11-11,3740,3914.28,setelah_uji
2166,2024-11-12,3820,3809.01,setelah_uji
2167,2024-11-13,3920,3807.41,setelah_uji
2168,2024-11-14,3830,3955.81,setelah_uji
2169,2024-11-15,3920,3885.14,setelah_uji
2170,2024-11-18,3700,3974.89,setelah_uji
2171,2024-11-19,3710,3840.89,setelah_uji
2172,2024-11-20,3690,3756.7,setelah_uji
2173,2024-11-21,3680,3709.37,setelah_uji
2174,2024-11-22,3750,3682.06,setelah_uji
2175,2024-11-25,3770,3689.59,setelah_uji
2176,2024-11-26,3670,3705.65,setelah_uji
2177,2024-11-28,2760,3673.93,setelah_uji
2178,2024-11-29,2080,3513.62,setelah_uji
2179,2024-12-02,2310,3244.91,setelah_uji
2180,2024-12-03,2360,3067.11,setelah_uji
2181,2024-12-04,2360,2934.03,setelah_uji
2182,2024-12-05,2340,2824.23,setelah_uji
2183,2024-12-06,2300,2729.38,setelah_uji
2184,2024-12-09,2680,2641.37,setelah_uji
2185,2024-12-10,2730,2632.89,setelah_uji
2186,2024-12-11,2610,2627.36,setelah_uji
2187,2024-12-12,2530,2588.24,setelah_uji
2188,2024-12-13,2580,2536.68,setelah_uji
2189,2024-12-16,2600,2501.82,setelah_uji
2190,2024-12-17,2510,2472.72,setelah_uji
2191,2024-12-18,2590,2436.52,setelah_uji
2192,2024-12-19,2540,2429.38,setelah_uji
2193,2024-12-20,2550,2399.59,setelah_uji
2194,2024-12-23,2540,2383.6,setelah_uji
2195,2024-12-24,2510,2366.53,setelah_uji
2196,2024-12-27,2540,2339.41,setelah_uji
2197,2024-12-30,2430,2331.75,setelah_uji
2198,2025-01-02,2530,2284.33,setelah_uji
2199,2025-01-03,2460,2291.84,setelah_uji
2200,2025-01-06,2380,2270.54,setelah_uji
2201,2025-01-07,2470,2228.96,setelah_uji
2202,2025-01-08,2400,2250.72,setelah_uji
2203,2025-01-09,2340,2236.32,setelah_uji
2204,2025-01-10,2320,2216.54,setelah_uji
2205,2025-01-13,2350,2210.56,setelah_uji
2206,2025-01-14,2360,2247.13,setelah_uji
2207,2025-01-15,2400,2312.15,setelah_uji
2208,2025-01-16,2410,2327.25,setelah_uji
2209,2025-01-17,2400,2353.62,setelah_uji
2210,2025-01-20,2350,2358.46,setelah_uji
2211,2025-01-21,2310,2347.48,setelah_uji
2212,2025-01-22,2320,2333.42,setelah_uji
2213,2025-01-23,2340,2327.72,setelah_uji
2214,2025-01-24,2300,2330.37,setelah_uji
2215,2025-01-30,2300,2319.17,setelah_uji
2216,2025-01-31,2330,2314.37,setelah_uji
2217,2025-02-03,2310,2314.48,setelah_uji
2218,2025-02-04,2330,2306.61,setelah_uji
2219,2025-02-05,2360,2306.2,setelah_uji
2220,2025-02-06,2290,2314.64,setelah_uji
2221,2025-02-07,2270,2299.48,setelah_uji
2222,2025-02-10,2210,2288.97,setelah_uji
2223,2025-02-11,2150,2269.81,setelah_uji
2224,2025-02-12,2240,2246.56,setelah_uji
2225,2025-02-13,2210,2244.72,setelah_uji
2226,2025-02-14,2240,2235.66,setelah_uji
2227,2025-02-17,2280,2236.48,setelah_uji
2228,2025-02-18,2260,2242.29,setelah_uji
2229,2025-02-19,2250,2242.89,setelah_uji
2230,2025-02-20,2200,2239.71,setelah_uji
2231,2025-02-21,2180,2226.6,setelah_uji
2232,2025-02-24,2190,2216.66,setelah_uji
2233,2025-02-25,2100,2208.68,setelah_uji
2234,2025-02-26,2110,2186.13,setelah_uji
2235,2025-02-27,2070,2169.73,setelah_uji
2236,2025-02-28,2070,2148.86,setelah_uji
2237,2025-03-03,2050,2132.48,setelah_uji
2238,2025-03-04,1910,2115.41,setelah_uji
2239,2025-03-05,1900,2077.9,setelah_uji
2240,2025-03-06,2050,2045.89,setelah_uji
2241,2025-03-07,2000,2044.81,setelah_uji
2242,2025-03-10,1915,2031.17,setelah_uji
2243,2025-03-11,1850,2004.75,setelah_uji
2244,2025-03-12,1850,1973.05,setelah_uji
2245,2025-03-13,1865,1946.74,setelah_uji
2246,2025-03-14,1810,1926.6,setelah_uji
2247,2025-03-17,1815,1899.31,setelah_uji
2248,2025-03-18,1795,1878.6,setelah_uji
2249,2025-03-19,1800,1858.63,setelah_uji
2250,2025-03-20,1800,1844.02,setelah_uji
2251,2025-03-21,1800,1831.64,setelah_uji
2252,2025-03-24,1750,1819.73,setelah_uji
2253,2025-03-25,1745,1798.05,setelah_uji
2254,2025-03-26,1840,1779.24,setelah_uji
2255,2025-03-27,1845,1785.83,setelah_uji
2256,2025-04-08,1645,1789.14,setelah_uji
2257,2025-04-09,1650,1749.69,setelah_uji
2258,2025-04-10,1700,1723.65,setelah_uji
2259,2025-04-11,1715,1714.21,setelah_uji
2260,2025-04-14,1765,1710.73,setelah_uji
2261,2025-04-15,1800,1717.47,setelah_uji
2262,2025-04-16,1800,1732.04,setelah_uji
2263,2025-04-17,1800,1740.86,setelah_uji
2264,2025-04-21,1805,1746.02,setelah_uji
2265,2025-04-22,1880,1752.44,setelah_uji
2266,2025-04-23,1850,1850.84,setelah_uji
2267,2025-04-24,1875,1858.76,setelah_uji
2268,2025-04-25,1880,1909.57,setelah_uji
2269,2025-04-28,1900,1927.54,setelah_uji
2270,2025-04-29,1900,1952.18,setelah_uji
2271,2025-04-30,1900,1949.75,setelah_uji
2272,2025-05-02,1885,1942.78,setelah_uji
2273,2025-05-05,1860,1934.99,setelah_uji
2274,2025-05-06,1875,1912.78,setelah_uji
2275,2025-05-07,1900,1920.18,setelah_uji
2276,2025-05-08,1895,1936.63,setelah_uji
2277,2025-05-09,1855,1942.1,setelah_uji
2278,2025-05-14,1915,1905.55,setelah_uji
2279,2025-05-15,1915,1943.73,setelah_uji
2280,2025-05-16,2150,1958.36,setelah_uji
2281,2025-05-19,2320,2018.01,setelah_uji
2282,2025-05-20,2210,2111.27,setelah_uji
2283,2025-05-21,2160,2161.25,setelah_uji
2284,2025-05-22,2150,2188.89,setelah_uji
2285,2025-05-23,2100,2209.17,setelah_uji
2286,2025-05-26,2090,2210.0,setelah_uji
2287,2025-05-27,2290,2203.89,setelah_uji
2288,2025-05-28,2200,2256.02,setelah_uji
2289,2025-06-02,2130,2273.61,setelah_uji
2290,2025-06-03,2100,2255.33,setelah_uji
2291,2025-06-04,2100,2219.06,setelah_uji
2292,2025-06-05,2120,2199.85,setelah_uji
2293,2025-06-10,2110,2212.2,setelah_uji
2294,2025-06-11,2120,2198.49,setelah_uji
2295,2025-06-12,2120,2195.3,setelah_uji
2296,2025-06-13,1995,2190.98,setelah_uji
2297,2025-06-16,2000,2063.43,setelah_uji
2298,2025-06-17,2000,1995.3,setelah_uji
2299,2025-06-18,1990,1963.84,setelah_uji
2300,2025-06-19,1925,1944.82,setelah_uji
2301,2025-06-20,1860,1917.44,setelah_uji
2302,2025-06-23,1800,1894.08,setelah_uji
2303,2025-06-24,1815,1872.73,setelah_uji
2304,2025-06-25,1785,1862.72,setelah_uji
2305,2025-06-26,1790,1848.74,setelah_uji
2306,2025-06-30,1830,1837.32,setelah_uji
2307,2025-07-01,1830,1836.46,setelah_uji
2308,2025-07-02,1775,1834.77,setelah_uji
2309,2025-07-03,1760,1819.75,setelah_uji
2310,2025-07-04,1755,1805.71,setelah_uji
2311,2025-07-07,1740,1787.22,setelah_uji
2312,2025-07-08,1745,1773.1,setelah_uji
2313,2025-07-09,1740,1759.35,setelah_uji
2314,2025-07-10,1840,1745.91,setelah_uji
2315,2025-07-11,1870,1761.37,setelah_uji
2316,2025-07-14,1825,1781.06,setelah_uji
2317,2025-07-15,1815,1773.34,setelah_uji
2318,2025-07-16,1840,1773.7,setelah_uji
2319,2025-07-17,1830,1780.81,setelah_uji
2320,2025-07-18,1835,1780.58,setelah_uji
2321,2025-07-21,1885,1783.32,setelah_uji
2322,2025-07-22,1965,1822.0,setelah_uji
2323,2025-07-23,2020,1985.88,setelah_uji
2324,2025-07-24,1975,2055.0,setelah_uji
2325,2025-07-25,1915,2043.33,setelah_uji
2326,2025-07-28,1925,1984.75,setelah_uji
2327,2025-07-29,1920,1982.12,setelah_uji
2328,2025-07-30,1900,1975.77,setelah_uji
2329,2025-07-31,1850,1952.39,setelah_uji
2330,2025-08-01,1865,1890.5,setelah_uji
2331,2025-08-04,1900,1877.55,setelah_uji
2332,2025-08-05,1865,1926.43,setelah_uji
2333,2025-08-06,1860,1888.95,setelah_uji
2334,2025-08-07,1870,1865.55,setelah_uji
2335,2025-08-08,1790,1866.66,setelah_uji
2336,2025-08-11,1810,1818.51,setelah_uji
2337,2025-08-12,1860,1799.73,setelah_uji
2338,2025-08-13,1830,1824.57,setelah_uji
2339,2025-08-14,1840,1810.6,setelah_uji
2340,2025-08-15,1810,1811.68,setelah_uji
2341,2025-08-19,1800,1800.84,setelah_uji
2342,2025-08-20,1810,1795.32,setelah_uji
2343,2025-08-21,1780,1797.56,setelah_uji
2344,2025-08-22,1775,1794.34,setelah_uji
2345,2025-08-25,1740,1788.02,setelah_uji
2346,2025-08-26,1735,1775.82,setelah_uji
2347,2025-08-27,1805,1766.85,setelah_uji
2348,2025-08-28,1770,1775.48,setelah_uji
2349,2025-08-29,1755,1769.96,setelah_uji
2350,2025-09-01,1720,1763.84,setelah_uji
2351,2025-09-02,1720,1752.65,setelah_uji
2352,2025-09-03,1730,1742.55,setelah_uji
2353,2025-09-04,1760,1737.7,setelah_uji
2354,2025-09-08,1720,1743.58,setelah_uji
2355,2025-09-09,1685,1736.96,setelah_uji
2356,2025-09-10,1685,1724.59,setelah_uji
2357,2025-09-11,1680,1714.84,setelah_uji
2358,2025-09-12,1670,1707.08,setelah_uji
2359,2025-09-15,1680,1698.82,setelah_uji
2360,2025-09-16,1650,1692.87,setelah_uji
2361,2025-09-17,1675,1682.64,setelah_uji
2362,2025-09-18,1640,1680.43,setelah_uji
2363,2025-09-19,1665,1670.42,setelah_uji
2364,2025-09-22,1660,1667.5,setelah_uji
2365,2025-09-23,1760,1664.06,setelah_uji
2366,2025-09-24,1730,1719.48,setelah_uji
2367,2025-09-25,1725,1714.23,setelah_uji
2368,2025-09-26,1700,1713.26,setelah_uji
2369,2025-09-29,1725,1700.39,setelah_uji
2370,2025-09-30,1690,1708.63,setelah_uji
2371,2025-10-01,1670,1694.2,setelah_uji
2372,2025-10-02,1670,1681.37,setelah_uji
2373,2025-10-03,1660,1673.74,setelah_uji
2374,2025-10-06,1655,1666.08,setelah_uji
2375,2025-10-07,1650,1660.47,setelah_uji
2376,2025-10-08,1850,1654.69,setelah_uji
2377,2025-10-09,1730,1762.05,setelah_uji
2378,2025-10-10,1750,1754.31,setelah_uji
2379,2025-10-13,1725,1773.94,setelah_uji
2380,2025-10-14,1705,1754.85,setelah_uji
2381,2025-10-15,1680,1724.96,setelah_uji
2382,2025-10-16,1675,1694.09,setelah_uji
2383,2025-10-17,1650,1676.43,setelah_uji
2384,2025-10-20,1695,1659.74,setelah_uji
2385,2025-10-21,1805,1673.31,setelah_uji
2386,2025-10-22,1775,1760.81,setelah_uji
2387,2025-10-23,1790,1787.45,setelah_uji
2388,2025-10-24,1760,1802.21,setelah_uji
2389,2025-10-27,1785,1799.61,setelah_uji
2390,2025-10-28,1785,1809.8,setelah_uji
2391,2025-10-29,1935,1815.0,setelah_uji
2392,2025-10-30,1980,1852.03,setelah_uji
2393,2025-10-31,1885,1893.08,setelah_uji
2394,2025-11-03,1940,1907.32,setelah_uji
2395,2025-11-04,1905,1931.08,setelah_uji
2396,2025-11-05,1890,1941.88,setelah_uji
2397,2025-11-06,1920,1947.6,setelah_uji
2398,2025-11-07,1945,1962.14,setelah_uji
2399,2025-11-10,1960,1979.28,setelah_uji
2400,2025-11-11,1950,1996.87,setelah_uji
2401,2025-11-12,1965,2007.32,setelah_uji
2402,2025-11-13,1930,2018.23,setelah_uji
2403,2025-11-14,1880,2012.49,setelah_uji
2404,2025-11-17,1910,1958.33,setelah_uji
2405,2025-11-18,1880,1970.22,setelah_uji
2406,2025-11-19,1920,1926.85,setelah_uji
2407,2025-11-20,1905,1968.98,setelah_uji
2408,2025-11-21,1870,1959.21,setelah_uji
2409,2025-11-24,1875,1903.96,setelah_uji
2410,2025-11-25,1855,1881.67,setelah_uji
2411,2025-11-26,1845,1845.98,setelah_uji
2412,2025-11-27,1810,1824.04,setelah_uji
2413,2025-11-28,1810,1801.81,setelah_uji
2414,2025-12-01,1820,1799.58,setelah_uji
2415,2025-12-02,1840,1805.02,setelah_uji
2416,2025-12-03,1850,1810.28,setelah_uji
2417,2025-12-04,1810,1818.56,setelah_uji
2418,2025-12-05,1815,1812.88,setelah_uji
2419,2025-12-08,1900,1814.31,setelah_uji
2420,2025-12-09,1835,1861.84,setelah_uji
2421,2025-12-10,1830,1843.29,setelah_uji
2422,2025-12-11,1780,1834.1,setelah_uji
2423,2025-12-12,1780,1820.33,setelah_uji
2424,2025-12-15,1825,1808.91,setelah_uji
2425,2025-12-16,1805,1809.77,setelah_uji
2426,2025-12-17,1815,1804.34,setelah_uji
2427,2025-12-18,1900,1803.08,setelah_uji
2428,2025-12-19,1900,1889.82,setelah_uji
2429,2025-12-22,1895,1922.44,setelah_uji
2430,2025-12-23,1905,1925.38,setelah_uji
2431,2025-12-24,1890,1934.41,setelah_uji
2432,2025-12-29,1945,1921.85,setelah_uji
2433,2025-12-30,1810,1938.66,setelah_uji
